timestamp,Right_Heel,Right_Middle,Right_Top
1734603855.6739023,0,207,82
1734603855.7936554,1344,711,665
1734603855.8527424,3603,0,0
1734603855.9752796,3256,0,0
1734603856.0358384,576,122,0
1734603856.094679,211,0,0
1734603856.1533637,171,0,0
1734603856.2038279,145,0,0
1734603856.2728398,166,0,65
1734603856.3359203,118,0,208
1734603856.4550712,119,450,240
1734603856.5674486,48,168,0
1734603856.6346893,14,129,0
1734603856.754168,0,66,0
1734603856.8723817,14,112,0
1734603856.9959583,11,80,0
1734603857.1122031,11,76,0
1734603857.1746056,1786,144,2375
1734603857.2366245,3846,3268,187
1734603857.2869968,4095,3291,71
1734603857.350975,4095,3328,0
1734603857.4867878,659,2163,50
1734603857.534949,1075,0,576
1734603857.5960343,61,431,0
1734603857.7063894,496,689,299
1734603857.8217874,0,258,0
1734603857.89489,0,125,0
1734603857.9429462,0,85,0
1734603858.0149665,0,125,0
1734603858.0736675,0,171,0
1734603858.1333613,0,148,0
1734603858.3077703,0,218,36
1734603858.4328187,0,325,330
1734603858.495567,4095,3297,150
1734603858.556035,4054,819,0
1734603858.674051,256,863,116
1734603858.793894,1166,0,1280
1734603858.966603,562,0,384
1734603859.027357,82,0,121
1734603859.0815878,144,1425,0
1734603859.154716,367,251,54
1734603859.21024,267,239,48
1734603859.3217645,27,80,0
1734603859.3885517,53,112,0
1734603859.5146267,48,103,0
1734603859.6349459,0,242,63
1734603860.0541344,0,272,91
1734603860.1149893,0,174,176
1734603860.1739748,3235,0,0
1734603860.2949069,2352,0,0
1734603860.3535855,1667,0,0
1734603860.40875,2614,0,0
1734603860.5274673,854,727,0
1734603860.5849786,1122,0,349
1734603860.6566453,351,1098,0
1734603860.7043936,749,2157,11
1734603860.7755182,0,135,0
1734603860.8333738,0,174,0
1734603860.895062,0,225,39
1734603860.9558585,0,432,231
1734603861.0161235,535,311,0
1734603861.0752594,464,320,0
1734603861.1345966,474,421,0
1734603861.1911001,273,89,0
1734603861.2603643,73,0,82
1734603861.3737104,577,689,0
1734603861.4903402,1008,2147,11
1734603861.5569973,304,438,51
1734603861.6152565,0,101,0
1734603861.6702113,633,646,431
1734603861.7303286,0,207,15
1734603861.7873423,17,112,0
1734603861.902542,20,112,0
1734603861.9741366,63,143,0
1734603862.0340073,0,101,0
1734603862.0948434,0,84,0
1734603862.1543977,0,108,0
1734603862.3300586,638,9,0
1734603862.57488,629,0,0
1734603862.622382,595,0,0
1734603862.8160393,27,7,112
1734603862.8689008,157,0,272
1734603862.9340818,0,0,80
1734603863.0563114,0,15,162
1734603863.1117666,48,0,297
1734603863.2338018,0,141,0
1734603863.35423,0,134,0
1734603863.4716206,0,109,0
1734603863.594337,83,77,0
1734603863.6539621,63,73,0
1734603863.7113817,26,59,0
1734603863.7754908,7,62,0
1734603863.8294876,0,74,0
1734603863.9421308,2,101,0
1734603864.0749497,0,86,0
1734603864.1940434,124,45,0
1734603864.2535868,22,48,0
1734603864.4219322,48,46,0
1734603864.4953141,1023,1798,0
1734603864.5431757,511,583,0
1734603864.6131935,192,1174,0
1734603864.6698444,283,1530,0
1734603864.7935243,0,151,0
1734603864.857526,0,284,117
1734603864.9065168,0,351,426
1734603864.9718835,3094,0,421
1734603865.0312607,2374,550,3505
1734603865.0951884,0,37,3715
1734603865.1531653,0,591,3667
1734603865.203691,433,0,379
1734603865.2753747,94,0,176
1734603865.3424482,0,0,149
1734603865.4465334,0,0,336
1734603865.5088394,0,0,387
1734603865.576562,55,0,503
1734603865.622563,1344,1323,0
1734603865.686254,33,114,0
1734603865.8140988,17,320,0
1734603865.876458,60,176,0
1734603865.9927795,80,131,0
1734603866.0552664,31,105,0
1734603866.1729233,0,304,101
1734603866.17624,0,400,207
1734603866.2910285,0,127,62
1734603866.3544476,390,308,240
1734603866.4086757,3382,2749,86
1734603866.534556,0,0,105
1734603866.6548886,0,0,61
1734603866.7152457,0,138,290
1734603866.7755451,753,1136,0
1734603866.8354182,38,155,0
1734603866.9558916,0,80,0
1734603867.007829,0,138,0
1734603867.1331878,0,123,0
1734603867.194081,0,121,0
1734603867.2539499,0,135,0
1734603867.375911,0,150,0
1734603867.4949145,0,134,0
1734603867.5521133,0,158,0
1734603867.6734629,0,459,288
1734603867.723061,0,58,0
1734603867.854744,0,0,0
1734603867.9151309,13,126,0
1734603867.9704669,0,0,0
1734603868.035642,0,66,77
1734603868.0943863,439,814,54
1734603868.2145035,622,558,344
1734603868.273549,103,87,0
1734603868.3332613,64,67,0
1734603868.3951943,28,59,0
1734603868.454595,33,59,0
1734603868.5152125,23,87,0
1734603868.5686674,0,83,0
1734603868.627265,0,105,0
1734603868.6936128,0,119,0
1734603868.7540658,0,197,10
1734603868.8143132,1407,854,0
1734603868.8694677,1022,1159,0
1734603868.9255564,474,781,0
1734603868.9949753,270,33,0
1734603869.05482,171,0,0
1734603869.1720765,110,0,0
1734603869.2319777,99,0,0
1734603869.2891912,23,0,0
1734603869.4666848,0,4,239
1734603869.534746,14,47,398
1734603869.6530335,1552,0,442
1734603869.7108755,780,577,0
1734603869.775299,10,110,0
1734603869.8347366,24,81,0
1734603869.885153,40,99,0
1734603869.9547029,8,83,0
1734603870.0131292,5,81,0
1734603870.0758893,0,123,0
1734603870.134453,0,139,0
1734603870.256487,0,183,101
1734603870.3744102,577,0,0
1734603870.433792,721,0,0
1734603870.4891887,704,0,0
1734603870.554533,358,879,0
1734603870.6154478,48,0,0
1734603870.674879,0,0,0
1734603870.7348874,0,0,0
1734603870.854777,225,1280,0
1734603870.913978,435,431,225
1734603870.9748945,48,85,0
1734603871.0340307,11,55,0
1734603871.0867844,136,157,0
1734603871.1564224,1,81,0
1734603871.215269,0,73,0
1734603871.2664342,0,70,0
1734603871.335205,0,85,0
1734603871.3852909,969,0,0
1734603871.4559774,1074,0,80
1734603871.501797,1006,0,171
1734603871.5697882,1051,90,0
1734603871.6344328,704,145,16
1734603871.7546568,510,169,0
1734603871.8041513,1129,0,508
1734603871.8738346,688,3440,153
1734603871.930281,419,1935,0
1734603871.9867728,303,994,0
1734603872.0553424,334,288,80
1734603872.1662679,21,86,0
1734603872.2935603,20,93,0
1734603872.3560278,1,80,0
1734603872.4159696,0,80,0
1734603872.47019,0,111,0
1734603872.5357628,0,209,21
1734603872.5964117,0,171,0
1734603872.656121,594,697,27
1734603872.7654521,388,0,30
1734603872.8254662,176,281,0
1734603872.8890305,122,174,0
1734603872.947013,180,225,0
1734603873.014691,0,63,0
1734603873.07482,835,131,118
1734603873.1349528,1162,558,0
1734603873.2548146,1135,575,0
1734603873.3113513,538,753,0
1734603873.435724,63,203,16
1734603873.4943194,272,305,112
1734603873.553925,0,112,0
1734603873.6131399,0,126,0
1734603873.7322607,0,94,0
1734603873.7910016,0,83,0
1734603873.8558683,0,82,0
1734603873.9736798,0,0,0
1734603874.0345805,501,0,0
1734603874.1534152,1186,0,0
1734603874.2707915,0,0,511
1734603874.3949437,22,379,957
1734603874.3958125,0,759,272
1734603874.4564319,907,874,0
1734603874.5123746,288,0,161
1734603874.5746126,280,19,169
1734603874.6283712,0,103,0
1734603874.6927621,0,187,0
1734603874.7561266,44,111,0
1734603874.8128717,50,83,0
1734603874.9345398,65,97,0
1734603874.9955828,47,80,0
1734603875.0540087,0,141,0
1734603875.1158202,0,164,0
1734603875.1682754,0,272,80
1734603875.2275026,0,265,123
1734603875.2937949,1271,142,1732
1734603875.3560371,1102,0,740
1734603875.4130898,3677,493,3294
1734603875.4765272,199,0,401
1734603875.5307875,0,0,330
1734603875.5945988,0,0,338
1734603875.7150173,66,0,495
1734603875.775067,28,0,448
1734603875.8342311,1129,930,0
1734603875.9548833,343,2095,0
1734603876.0024567,337,2933,88
1734603876.1218834,199,396,0
1734603876.194878,144,373,0
1734603876.2540047,96,225,0
1734603876.3711836,198,230,0
1734603876.3755152,48,138,0
1734603876.4333978,44,121,0
1734603876.4953165,69,51,0
1734603876.604794,70,42,0
1734603876.7336893,58,28,0
1734603876.8537364,65,20,0
1734603876.8558116,52,22,0
1734603876.9149618,688,0,453
1734603876.9761775,791,34,881
1734603877.0335245,402,0,624
1734603877.1540554,414,2371,10
1734603877.2079403,872,639,329
1734603877.274711,171,177,0
1734603877.3339684,100,144,0
1734603877.4560487,90,90,0
1734603877.5045848,88,97,0
1734603877.5728698,82,89,0
1734603877.6252992,90,99,0
1734603877.6817389,79,99,0
1734603877.7451105,48,67,0
1734603877.8136718,16,87,0
1734603877.8745344,64,142,0
1734603877.934924,107,0,0
1734603877.9949822,684,0,0
1734603878.1046188,1818,336,3577
1734603878.1747868,1899,442,3513
1734603878.232924,4095,3453,53
1734603878.2950153,0,0,0
1734603878.3450804,0,0,123
1734603878.4044552,0,90,181
1734603878.469564,0,6,210
1734603878.5336814,1574,1489,0
1734603878.656444,439,3398,167
1734603878.7159607,222,607,0
1734603878.7760835,410,265,46
1734603878.8344386,470,369,165
1734603878.8955164,43,48,0
1734603878.9558115,49,59,0
1734603879.017271,58,74,0
1734603879.0763495,54,92,0
1734603879.135173,0,15,175
1734603879.1928196,0,0,277
1734603879.2549303,126,0,177
1734603879.2566812,409,0,117
1734603879.3755224,793,0,501
1734603879.4267817,0,431,3746
1734603879.4895093,400,423,305
1734603879.5564904,346,0,229
1734603879.6118088,226,0,135
1734603879.7348437,1,0,16
1734603879.7355483,17,139,334
1734603879.846181,1117,0,111
1734603879.9054573,1023,0,93
1734603879.9752333,276,1383,0
1734603880.0362198,116,93,0
1734603880.0829835,97,90,0
1734603880.1551344,82,66,0
1734603880.2144146,82,65,0
1734603880.2729642,81,76,0
1734603880.3345752,128,112,0
1734603880.3947623,12,80,0
1734603880.453718,5,81,0
1734603880.5135615,5,85,0
1734603880.5769281,0,101,0
1734603880.6314268,0,117,0
1734603880.6343496,0,208,17
1734603880.6956043,0,363,166
1734603880.7541597,0,272,91
1734603880.8164375,53,0,0
1734603880.875812,4095,3375,0
1734603880.9798963,435,339,320
1734603881.0476575,162,130,0
1734603881.116073,0,104,187
1734603881.1754096,0,117,258
1734603881.2360883,951,235,0
1734603881.283942,120,113,0
1734603881.3541338,580,432,189
1734603881.4146104,864,727,495
1734603881.473046,459,438,224
1734603881.530809,155,154,0
1734603881.5950208,84,100,0
1734603881.652683,74,91,0
1734603881.7089806,68,90,0
1734603881.7742436,29,90,0
1734603881.835674,6,113,0
1734603881.8962827,753,67,0
1734603881.9545808,2609,0,0
1734603882.0145845,2266,0,0
1734603882.0763958,2579,1535,0
1734603882.135553,912,480,0
1734603882.1846879,1104,703,22
1734603882.2565355,727,560,0
1734603882.3082955,0,1379,1833
1734603882.3732579,0,1730,3167
1734603882.4361184,0,246,4035
1734603882.5558226,1264,1690,0
1734603882.6151009,625,447,234
1734603882.6758003,121,87,0
1734603882.7356217,104,117,0
1734603882.7962086,153,148,0
1734603882.85594,64,122,0
1734603882.9749374,19,159,0
1734603882.977158,0,139,0
1734603883.0797834,0,336,138
1734603883.095685,0,197,3
1734603883.152422,0,222,29
1734603883.2105315,0,262,83
1734603883.2755544,0,469,4095
1734603883.336007,2171,2381,401
1734603883.394639,688,753,0
1734603883.45621,693,804,0
1734603883.5123255,547,0,39
1734603883.5739093,368,1,0
1734603883.6266563,351,107,0
1734603883.69555,1011,0,31
1734603883.7548156,1330,435,0
1734603883.8117304,1237,0,0
1734603883.8761008,429,627,0
1734603883.9235675,226,1223,0
1734603883.9947257,615,481,218
1734603884.0560262,471,400,176
1734603884.1125453,80,92,0
1734603884.1744745,143,144,0
1734603884.2327094,78,81,0
1734603884.2833734,64,80,0
1734603884.4748943,27,90,0
1734603884.4764574,19,85,0
1734603884.5794444,0,427,240
1734603884.6558974,75,0,0
1734603884.7137108,946,0,0
1734603884.773338,3783,0,0
1734603884.8347518,2144,210,74
1734603884.8808396,1440,42,0
1734603885.0141706,769,108,0
1734603885.0752027,0,0,0
1734603885.128071,0,49,1
1734603885.1958454,16,478,256
1734603885.2548757,229,1472,0
1734603885.3144217,1440,1278,0
1734603885.375543,1276,146,0
1734603885.4358723,19,65,0
1734603885.4880292,0,32,0
1734603885.6151223,53,83,0
1734603885.676293,65,96,113
1734603885.7214475,480,18,0
1734603885.7950504,3626,0,0
1734603885.8558772,1829,0,0
1734603885.9053795,2027,0,0
1734603885.9697843,880,20,784
1734603886.034738,592,240,80
1734603886.0950058,746,194,31
1734603886.1562395,508,62,1098
1734603886.2028973,815,291,1557
1734603886.2737978,2809,592,3648
1734603886.331034,4095,304,3312
1734603886.387346,1643,1493,61
1734603886.4557655,2479,0,1615
1734603886.6369681,282,3523,160
1734603886.6835718,368,370,48
1734603886.7562082,205,225,0
1734603886.8745246,0,167,0
1734603886.937016,0,240,47
1734603886.991178,0,143,0
1734603887.0619955,4095,3312,119
1734603887.237128,240,1343,0
1734603887.3560567,396,470,0
1734603887.4140658,231,0,115
1734603887.470791,0,207,656
1734603887.5352027,1360,549,0
1734603887.6545868,981,3328,163
1734603887.7143755,923,833,0
1734603887.8330178,259,478,0
1734603887.882299,7,89,0
1734603887.9539616,19,67,0
1734603888.014574,29,70,0
1734603888.1345203,22,79,0
1734603888.1357422,42,85,0
1734603888.1940277,16,73,0
1734603888.254561,0,66,0
1734603888.3135777,1195,0,0
1734603888.3664935,2386,0,0
1734603888.435058,1366,176,144
1734603888.5552511,441,36,0
1734603888.613225,341,133,1423
1734603888.675146,656,175,1793
1734603888.7365105,266,401,486
1734603888.795487,1470,1399,0
1734603888.8549566,641,489,336
1734603888.9123323,478,399,251
1734603889.028733,60,64,0
1734603889.0899236,0,11,0
1734603889.153364,0,0,0
1734603889.2148952,0,16,0
1734603889.2760668,0,106,0
1734603889.3950937,0,147,53
1734603889.504411,0,526,3968
1734603889.5744388,2134,2316,119
1734603889.634755,1156,334,702
1734603889.6942315,594,780,0
1734603889.7422261,197,0,0
1734603889.8154354,144,0,109
1734603889.934058,0,361,421
1734603890.0545654,0,2235,0
1734603890.1747177,1485,0,213
1734603890.2282093,1510,1520,0
1734603890.2877538,1065,3277,196
1734603890.351686,208,246,91
1734603890.400166,25,146,0
1734603890.4688606,0,93,0
1734603890.535022,0,79,0
1734603890.595833,0,240,80
1734603890.6524553,0,186,144
1734603890.7150905,718,0,0
1734603890.7750566,841,0,0
1734603890.8345206,838,0,0
1734603890.8959599,4095,0,0
1734603890.9560182,314,80,0
1734603891.010762,1849,115,1486
1734603891.0747159,33,0,79
1734603891.1359386,113,817,0
1734603891.31558,0,185,510
1734603891.4324586,48,485,65
1734603891.4901824,1195,1639,0
1734603891.5563233,129,143,0
1734603891.6162772,240,214,37
1734603891.6746776,755,700,531
1734603891.795284,0,85,0
1734603891.9742389,0,14,0
1734603892.0876842,645,0,0
1734603892.154959,4095,0,0
1734603892.381906,2340,0,0
1734603892.456078,1155,87,241
1734603892.513451,963,347,30
1734603892.5698094,816,183,0
1734603892.6326952,1473,955,0
1734603892.8677151,1513,931,0
1734603892.931393,433,155,0
1734603892.988653,177,1311,0
1734603893.0530498,549,656,415
1734603893.1110537,0,79,0
1734603893.1742811,0,141,0
1734603893.2356875,0,228,52
1734603893.2950811,0,325,155
1734603893.3568184,112,0,0
1734603893.4150538,46,0,0
1734603893.4754748,0,0,0
1734603893.5353434,0,493,7
1734603893.6542537,377,112,1102
1734603893.709884,930,474,0
1734603893.77643,996,1299,0
1734603893.8361225,0,37,0
1734603893.8940463,0,63,0
1734603893.9566076,0,79,0
1734603894.0163035,0,74,0
1734603894.0743139,0,42,0
1734603894.133306,0,41,0
1734603894.1946242,0,37,0
1734603894.2544546,1,47,0
1734603894.3148248,18,48,0
1734603894.434222,0,107,0
1734603894.4867043,576,0,0
1734603894.555585,785,0,0
1734603894.6042547,2794,0,0
1734603894.6762333,50,30,0
1734603894.7954583,0,256,174
1734603894.906256,0,174,381
1734603894.975244,606,144,11
1734603895.034025,957,419,0
1734603895.095491,1573,0,342
1734603895.2129889,315,433,271
1734603895.3362522,0,112,0
1734603895.3945198,0,46,0
1734603895.4560242,0,195,40
1734603895.5137823,0,181,22
1734603895.5750196,0,192,192
1734603895.7562947,324,0,0
1734603895.8147893,381,0,0
1734603895.8741753,2644,155,66
1734603895.934849,2222,0,0
1734603895.9878874,2222,0,0
1734603896.0558722,931,153,38
1734603896.114523,4095,0,0
1734603896.2336206,311,176,805
1734603896.2946863,1834,0,511
1734603896.354789,3538,32,1600
1734603896.406117,1008,3297,208
1734603896.5793574,912,2491,48
1734603896.6551728,0,96,0
1734603896.715624,0,91,0
1734603896.8943713,12,57,0
1734603896.9545662,64,64,0
1734603897.0761604,51,63,0
1734603897.135719,2,141,0
1734603897.1952605,0,145,0
1734603897.2537742,0,194,20
1734603897.3713546,0,187,256
1734603897.4945426,575,43,0
1734603897.55503,262,45,0
1734603897.6153996,114,272,0
1734603897.6752348,0,511,384
1734603897.8558996,39,66,0
1734603897.9092667,43,64,0
1734603897.9747696,130,112,0
1734603898.0341692,129,103,0
1734603898.0944989,105,59,0
1734603898.2146723,134,66,0
1734603898.2748306,114,64,0
1734603898.3903482,0,334,114
1734603898.4546719,0,16,63
1734603898.5145786,815,0,0
1734603898.5747147,2501,0,0
1734603898.621546,2703,0,0
1734603898.6940763,125,0,0
1734603898.753519,141,0,0
1734603898.8031213,122,0,0
1734603898.870411,190,0,22
1734603898.9361053,176,0,176
1734603899.0585124,292,0,639
1734603899.1160507,3027,555,3409
1734603899.1678977,113,1108,511
1734603899.2951474,82,418,0
1734603899.355843,0,354,0
1734603899.473138,0,324,0
1734603899.6447203,0,167,0
1734603899.6563919,0,98,0
1734603899.7750518,29,131,0
1734603899.9562268,0,99,0
1734603900.016323,0,348,154
1734603900.0644462,0,233,261
1734603900.135338,572,0,0
1734603900.2554767,1835,0,1869
1734603900.3155003,0,574,3612
1734603900.373008,0,199,363
1734603900.4958074,1222,0,0
1734603900.5556183,1439,2987,151
1734603900.6160972,534,1829,0
1734603900.6736343,490,1311,0
1734603900.7359684,327,1397,80
1734603900.7893243,31,109,0
1734603900.854954,0,48,0
1734603900.913942,0,64,0
1734603900.9648838,19,95,0
1734603901.0949047,0,85,0
1734603901.1544707,0,65,0
1734603901.2115166,81,217,17
1734603901.2749074,733,0,0
1734603901.3226733,837,0,0
1734603901.4490454,2482,0,0
1734603901.5726454,2693,0,0
1734603901.6357758,3485,2355,17
1734603901.6946304,391,336,0
1734603901.7549179,161,75,0
1734603901.9341862,0,176,879
1734603902.1147764,0,69,0
1734603902.170471,0,103,0
1734603902.1750617,63,154,0
1734603902.293525,130,203,18
1734603902.350368,0,53,0
1734603902.4139636,7,106,0
1734603902.474597,1,99,0
1734603902.5339997,209,245,58
1734603902.594134,26,144,0
1734603902.7145758,0,0,0
1734603902.770703,388,0,0
1734603902.8344698,783,0,0
1734603902.8826241,3021,0,0
1734603902.9557106,2012,50,1479
1734603903.133912,2242,259,2096
1734603903.1939223,0,31,269
1734603903.2553782,767,509,1296
1734603903.3745542,471,99,1118
1734603903.435589,0,1125,3071
1734603903.4851165,1047,432,1108
1734603903.553624,220,619,60
1734603903.6743722,65,130,0
1734603903.7332096,0,111,0
1734603903.7947166,0,82,0
1734603903.8541546,0,82,0
1734603903.9030259,0,90,0
1734603903.975922,4095,0,0
1734603904.031932,3817,80,0
1734603904.0937269,3312,3063,148
1734603904.1641603,0,326,2221
1734603904.2162619,1581,784,174
1734603904.2726684,0,560,4019
1734603904.3366659,0,327,225
1734603904.395557,765,2523,30
1734603904.4555,1146,70,0
1734603904.5122056,1149,1646,0
1734603904.5762694,612,511,51
1734603904.6333196,0,70,0
1734603904.7538023,1,93,0
1734603904.8744996,11,86,0
1734603904.934282,13,87,0
1734603904.995577,35,111,0
1734603905.042754,144,395,183
1734603905.1138313,0,160,144
1734603905.165733,4095,0,0
1734603905.2897518,3179,0,0
1734603905.3549018,2999,0,0
1734603905.4156225,3120,0,0
1734603905.4759674,0,0,67
1734603905.535557,0,0,194
1734603905.591275,405,0,912
1734603905.652311,2480,337,3023
1734603905.6562977,0,295,511
1734603905.714834,464,558,339
1734603905.7757282,0,110,0
1734603905.8337324,0,114,0
1734603905.8953195,64,331,155
1734603906.0165882,0,177,5
1734603906.0749319,0,147,0
1734603906.0758543,96,242,65
1734603906.134636,0,91,0
1734603906.1845198,0,76,0
1734603906.3133729,0,131,0
1734603906.3728864,0,281,107
1734603906.433891,269,0,0
1734603906.494332,495,0,0
1734603906.6144447,1206,1535,217
1734603906.675917,405,465,238
1734603906.7950547,0,0,18
1734603906.8558962,447,0,1273
1734603906.9059174,0,24,874
1734603906.9164026,0,1067,820
1734603906.9753728,0,208,499
1734603907.0360076,1215,323,46
1734603907.0965447,48,96,0
1734603907.1516914,23,80,0
1734603907.2113836,63,111,0
1734603907.2727742,4,67,0
1734603907.3354053,2,81,0
1734603907.3886125,17,89,0
1734603907.5128279,23,102,0
1734603907.5655844,0,343,160
1734603907.681134,985,0,0
1734603907.7557034,4095,3344,49
1734603907.8153548,4095,3379,112
1734603907.9251595,1654,0,654
1734603907.9938557,1282,528,3600
1734603908.116191,1311,373,0
1734603908.173495,774,254,545
1734603908.220871,0,0,246
1734603908.2960699,0,334,135
1734603908.3435788,64,7,621
1734603908.4167144,550,527,0
1734603908.4691713,0,70,0
1734603908.5853386,87,144,0
1734603908.5953877,38,103,0
1734603908.6555762,46,110,0
1734603908.7145762,25,90,0
1734603908.8252885,27,75,0
1734603908.8955932,0,109,0
1734603908.9442174,0,265,75
1734603909.0121334,0,240,53
1734603909.1307445,633,0,0
1734603909.1356306,868,0,0
1734603909.1880596,944,0,1
1734603909.2560575,346,202,0
1734603909.31448,350,143,0
1734603909.3742003,371,74,0
1734603909.4339883,51,0,0
1734603909.4943476,0,129,211
1734603909.5533478,0,190,317
1734603909.601138,1267,560,0
1734603909.6686122,1395,1233,0
1734603909.7807035,1203,2347,45
1734603909.7964687,870,913,708
1734603909.855212,0,80,0
1734603909.9143074,0,59,0
1734603909.975104,0,57,0
1734603910.036027,0,17,0
1734603910.0902836,0,101,0
1734603910.156986,0,81,0
1734603910.2144425,0,115,0
1734603910.2691066,0,182,0
1734603910.32847,465,511,303
1734603910.3931465,0,212,15
1734603910.457035,576,0,0
1734603910.5131786,1023,0,0
1734603910.6243904,3223,0,0
1734603910.688443,2012,40,114
1734603910.8062437,0,0,74
1734603910.8742387,1040,192,1771
1734603910.9334648,1168,433,297
1734603910.9809604,36,80,0
1734603911.0441594,0,45,0
1734603911.1081896,0,0,0
1734603911.235061,16,0,0
1734603911.283221,0,105,0
1734603911.355367,0,94,0
1734603911.4151144,0,103,0
1734603911.473007,0,134,0
1734603911.5344973,0,166,0
1734603911.5939934,0,199,16
1734603911.6552017,0,217,125
1734603911.7151308,0,339,294
1734603911.7738595,0,589,3610
1734603911.8355768,2480,1021,0
1734603911.888558,4095,3301,112
1734603912.0105128,885,0,559
1734603912.016165,464,0,506
1734603912.0750487,298,0,400
1734603912.1347167,0,64,331
1734603912.195783,758,397,0
1734603912.2565908,3455,336,2339
1734603912.313249,399,3361,166
1734603912.3746264,175,628,0
1734603912.4197347,433,607,120
1734603912.4941483,183,235,0
1734603912.5562763,122,144,0
1734603912.6745982,2,84,0
1734603912.73379,3,109,0
1734603912.7947953,2,107,0
1734603912.8441892,21,118,0
1734603912.9150467,16,107,0
1734603912.9729092,28,112,0
1734603913.0345953,17,112,0
1734603913.0948896,1607,0,0
1734603913.199832,0,1474,3147
1734603913.2761006,1664,0,3542
1734603913.3272057,0,51,0
1734603913.3906884,0,0,32
1734603913.515974,0,128,304
1734603913.6358423,1052,551,0
1734603913.6931262,999,0,0
1734603913.754353,919,0,20
1734603913.811254,284,748,0
1734603913.8761768,124,3469,166
1734603913.9242241,731,699,289
1734603913.9895296,214,247,0
1734603914.0551686,11,81,0
1734603914.1030433,16,68,0
1734603914.175956,90,128,0
1734603914.23691,11,75,0
1734603914.2966137,0,256,64
1734603914.3545864,0,354,158
1734603914.4058783,0,209,290
1734603914.522112,432,0,0
1734603914.536676,4095,0,0
1734603914.6553016,3723,0,0
1734603914.716258,17,177,0
1734603914.771042,0,107,0
1734603914.8282077,167,4,707
1734603914.8894882,720,148,58
1734603914.9553425,435,368,182
1734603915.0030622,0,57,0
1734603915.135949,72,133,0
1734603915.1946788,16,64,0
1734603915.3007252,7,63,0
1734603915.3729126,28,70,0
1734603915.4209476,64,95,0
1734603915.4934666,13,64,0
1734603915.5556576,0,57,0
1734603915.614151,2065,2455,2438
1734603915.722873,481,0,0
1734603915.7351296,3708,0,0
1734603915.7956467,2045,0,0
1734603915.8425498,1132,174,0
1734603915.9756427,719,368,0
1734603916.0353272,0,217,180
1734603916.0959022,0,366,609
1734603916.1535337,1127,144,0
1734603916.2140698,1017,0,0
1734603916.275249,40,81,0
1734603916.335009,25,64,0
1734603916.3819518,48,63,0
1734603916.4533303,0,32,0
1734603916.5027094,173,170,0
1734603916.574921,39,72,0
1734603916.6307774,0,60,0
1734603916.6967502,23,48,0
1734603916.756619,0,142,0
1734603916.8052058,0,144,0
1734603916.874869,0,151,0
1734603916.9333944,0,169,0
1734603916.9951367,0,299,126
1734603917.0571043,0,431,364
1734603917.1071272,17,0,50
1734603917.1737962,895,0,0
1734603917.3558872,0,126,0
1734603917.3578594,0,150,0
1734603917.4063785,0,466,341
1734603917.4734712,0,149,503
1734603917.5356143,2096,416,2982
1734603917.593811,16,137,0
1734603917.6572425,1153,1154,940
1734603917.714551,0,61,0
1734603917.7704709,0,47,0
1734603917.8304634,45,17,0
1734603917.892528,0,31,0
1734603917.9547627,0,53,0
1734603918.0749526,0,83,0
1734603918.1359427,0,604,442
1734603918.1899638,0,664,487
1734603918.2537837,0,0,113
1734603918.3146837,1157,0,0
1734603918.4331198,4095,1183,0
1734603918.4930305,0,507,4095
1734603918.555945,270,0,0
1734603918.6156116,47,0,53
1734603918.667288,0,0,19
1734603918.7347503,0,0,36
1734603918.794813,68,0,273
1734603918.8545296,0,12,105
1734603918.9703064,715,547,128
1734603919.0265355,400,320,0
1734603919.2036467,310,221,11
1734603919.3232996,405,390,187
1734603919.3953066,38,71,0
1734603919.4430747,27,97,0
1734603919.5730824,42,123,0
1734603919.6355617,0,64,0
1734603919.6868498,370,0,0
1734603919.7561827,3275,131,0
1734603919.8117054,3202,983,0
1734603919.922659,1571,3393,272
1734603919.9897852,0,351,182
1734603920.0558274,0,173,581
1734603920.1156728,1375,0,226
1734603920.1676645,662,485,249
1734603920.2338743,205,120,0
1734603920.2855387,176,99,0
1734603920.3476686,220,158,0
1734603920.4130552,112,74,0
1734603920.464885,0,114,0
1734603920.524892,0,209,34
1734603920.5893734,0,277,101
1734603920.7715747,0,272,92
1734603920.829516,322,0,0
1734603920.8936887,4095,3695,9
1734603921.0068364,4095,3280,45
1734603921.074063,1299,395,1205
1734603921.1870832,331,0,125
1734603921.2532055,327,0,213
1734603921.313951,221,0,151
1734603921.3756137,48,0,14
1734603921.426004,64,0,65
1734603921.4944246,21,0,61
1734603921.5537512,285,243,35
1734603921.722464,407,402,214
1734603921.794735,153,176,0
1734603921.914576,48,110,0
1734603921.9653332,0,55,0
1734603922.0268955,9,62,0
1734603922.0963998,0,91,0
1734603922.2161787,0,113,0
1734603922.2697685,0,210,51
1734603922.3260174,153,0,320
1734603922.394619,0,140,244
1734603922.4556534,0,787,2733
1734603922.5134563,0,858,3998
1734603922.634646,97,1341,0
1734603922.692398,208,254,0
1734603922.7572238,562,561,356
1734603922.816345,256,348,176
1734603922.8746488,42,192,31
1734603922.9240837,225,348,176
1734603923.0549805,97,249,83
1734603923.1058128,0,144,0
1734603923.1732507,29,83,0
1734603923.294612,0,80,0
1734603923.3560677,0,87,0
1734603923.4732468,0,320,131
1734603923.521205,0,299,134
1734603923.5926576,559,0,0
1734603923.6553361,0,0,161
1734603923.7154944,0,617,2774
1734603923.7738233,68,1068,3711
1734603923.835763,0,1472,4095
1734603923.9551628,178,1141,38
1734603924.0142593,421,673,287
1734603924.075938,0,142,0
1734603924.1269484,0,143,0
1734603924.1942961,0,110,0
1734603924.3035753,0,157,0
1734603924.3690546,0,211,30
1734603924.426123,0,343,162
1734603924.4953544,0,53,6
1734603924.5521936,256,0,0
1734603924.6164474,614,0,0
1734603924.672277,1023,1837,235
1734603924.7359455,750,1011,0
1734603924.7949607,209,0,125
1734603924.8563445,0,0,291
1734603924.904753,0,0,163
1734603925.0213482,0,0,135
1734603925.1529412,0,5,273
1734603925.2129164,0,66,235
1734603925.275899,918,3386,181
1734603925.332832,297,2100,0
1734603925.3967068,59,226,0
1734603925.5081074,511,701,253
1734603925.5756133,581,640,403
1734603925.6353996,163,251,55
1734603925.6858392,0,117,0
1734603925.7567706,0,242,49
1734603925.8072782,0,31,48
1734603925.869824,0,35,20
1734603925.981053,3314,0,0
1734603926.052715,171,42,0
1734603926.1112978,135,64,0
1734603926.1757197,61,27,0
1734603926.2339585,0,21,0
1734603926.2907994,0,0,0
1734603926.3585336,0,0,185
1734603926.4020472,1410,738,1968
1734603926.4695668,0,256,354
1734603926.5334325,198,1342,0
1734603926.59029,107,1330,0
1734603926.654289,452,546,274
1734603926.7025368,511,575,335
1734603926.7716918,626,721,505
1734603926.8318129,522,647,451
1734603927.0047882,30,71,0
1734603927.0737906,31,78,0
1734603927.1235933,37,87,0
1734603927.1875901,18,81,0
1734603927.3049722,0,111,0
1734603927.3694818,0,231,47
1734603927.4288049,383,224,0
1734603927.4838593,365,0,107
1734603927.6042032,144,0,0
1734603927.6684432,384,203,0
1734603927.7244143,783,621,0
1734603927.7808678,1257,561,0
1734603927.8445437,1232,0,0
1734603927.9091365,388,1949,0
1734603927.9735947,144,560,0
1734603928.02113,171,195,0
1734603928.0804188,240,253,20
1734603928.1456995,765,681,437
1734603928.215506,122,185,0
1734603928.2744722,9,95,0
1734603928.321834,41,140,0
1734603928.445194,55,173,0
1734603928.512163,0,132,0
1734603928.5742674,0,142,0
1734603928.6801167,0,353,186
1734603928.7433858,0,433,273
1734603928.8662403,1348,769,375
1734603928.9324498,405,673,323
1734603928.994451,705,0,546
1734603929.042344,377,0,370
1734603929.106926,1021,498,0
1734603929.173205,1264,0,18
1734603929.2212563,487,1397,0
1734603929.341796,560,3421,154
1734603929.469968,374,1382,0
1734603929.5871205,37,86,0
1734603929.6561046,57,105,0
1734603929.7066462,16,82,0
1734603929.9571402,0,82,0
1734603930.0142927,0,154,0
1734603930.0721564,0,131,0
1734603930.1295953,695,240,53
1734603930.1951015,475,131,0
1734603930.2427523,368,104,0
1734603930.3737764,322,103,0
1734603930.4869096,338,223,0
1734603930.5556686,1498,528,1355
1734603930.729537,449,363,139
1734603930.7843988,48,79,0
1734603931.0900285,0,48,0
1734603931.2151122,421,479,269
1734603931.2752137,0,143,0
1734603931.5163465,0,164,0
1734603931.5677376,502,652,180
1734603931.6283174,939,822,0
1734603931.6820045,729,384,0
1734603931.7557895,445,88,0
1734603931.8745172,2015,1984,0
1734603931.9235702,1871,3300,199
1734603931.9882388,743,790,0
1734603932.1140838,49,118,0
1734603932.2300735,46,106,0
1734603932.3423235,54,126,0
1734603932.3554523,32,107,0
1734603932.4755878,21,96,0
1734603932.6519523,28,109,0
1734603932.8228323,0,153,0
1734603933.0730267,0,235,210
1734603933.1211867,46,10,0
1734603933.1855242,195,3,0
1734603933.2494748,409,168,48
1734603933.3042116,162,22,0
1734603933.4245865,139,7,0
1734603933.4811506,0,146,0
1734603933.5452974,93,155,0
1734603933.6148417,32,74,0
1734603933.7249837,112,76,0
1734603933.7823076,124,86,0
1734603934.022777,131,90,0
1734603934.144392,112,79,0
1734603934.2003691,0,117,0
1734603934.327292,54,343,147
1734603934.3838384,0,272,89
1734603934.5124443,151,55,0
1734603934.5750265,0,21,0
1734603934.6944857,0,22,0
1734603934.695668,0,51,0
1734603934.7421513,0,48,0
1734603934.8087556,277,1712,0
1734603934.8757236,670,850,289
1734603934.9320848,666,808,343
1734603934.9958665,176,385,0
1734603935.0547945,64,97,0
1734603935.1735685,50,101,0
1734603935.229348,34,100,0
1734603935.2937975,0,100,0
1734603935.414229,0,112,0
1734603935.4701664,0,166,0
1734603935.5302074,1008,3573,1471
1734603935.713009,932,2851,418
1734603935.774774,3829,3305,189
1734603935.8963645,2257,1456,0
1734603935.943531,698,491,829
1734603936.005384,427,595,140
1734603936.0743446,334,110,140
1734603936.126082,0,0,251
1734603936.1899867,0,358,176
1734603936.2519777,857,368,0
1734603936.3151588,1284,181,0
1734603936.3724957,1402,1286,0
1734603936.479235,48,96,0
1734603936.5433297,103,144,0
1734603936.6083233,35,87,0
1734603936.6764228,31,81,0
1734603936.7931893,0,245,58
1734603936.856894,0,150,311
1734603936.9742198,403,211,264
1734603937.034849,250,0,0
1734603937.092019,2445,98,901
1734603937.1554282,3856,1941,0
1734603937.2719712,97,727,3232
1734603937.3288522,1410,2416,272
1734603937.3955078,0,0,16
1734603937.4549227,0,70,0
1734603937.5037591,0,176,398
1734603937.576372,1998,0,1702
1734603937.696166,1533,719,0
1734603937.7512398,0,65,0
1734603937.8077493,48,190,1
1734603938.042488,65,219,25
1734603938.1741745,175,304,109
1734603938.2331371,48,170,0
1734603938.2792397,125,221,26
1734603938.3428752,0,75,0
1734603938.4056077,0,99,0
1734603938.4744349,0,135,0
1734603938.5951552,0,595,565
1734603938.7688754,2517,1517,1157
1734603938.8322566,1223,813,0
1734603938.8912072,2687,61,1278
1734603939.008253,99,241,58
1734603939.0162182,335,387,191
1734603939.064862,48,161,0
1734603939.13273,0,68,0
1734603939.1841855,9,114,0
1734603939.312539,0,496,336
1734603939.3744652,256,0,0
1734603939.4334488,437,0,0
1734603939.492203,4095,4095,98
1734603939.5608613,4095,3447,158
1734603939.671263,176,0,0
1734603939.7341728,218,0,0
1734603939.783662,101,0,0
1734603939.8548584,0,0,0
1734603939.9103231,0,0,0
1734603939.9756894,339,1966,5
1734603940.034872,110,3495,203
1734603940.0955303,848,772,394
1734603940.1542284,1017,1011,752
1734603940.2134209,29,90,0
1734603940.265023,33,55,0
1734603940.3289106,18,30,0
1734603940.4407704,90,85,0
1734603940.5143723,81,98,0
1734603940.741545,0,403,189
1734603940.8127844,0,112,35
1734603940.8740292,677,0,0
1734603940.9334936,4095,0,0
1734603941.1113675,1406,779,0
1734603941.1736455,636,3366,179
1734603941.2322977,169,1335,0
1734603941.344644,0,87,0
1734603941.4101608,0,114,0
1734603941.526416,0,117,0
1734603941.5928726,0,80,0
1734603941.652374,0,154,0
1734603941.7118778,0,149,0
1734603941.7720208,0,179,0
1734603941.8236318,0,211,16
1734603941.8875172,0,318,135
1734603942.0159986,0,231,146
1734603942.072484,4095,958,0
1734603942.120369,4095,1405,0
1734603942.1844435,0,459,3767
1734603942.2539868,592,0,53
1734603942.3648982,206,0,208
1734603942.4249725,1593,0,426
1734603942.4889565,1587,0,500
1734603942.5532906,399,3481,163
1734603942.6021109,500,499,159
1734603942.794944,796,804,551
1734603942.8437326,11,112,0
1734603942.9165828,0,112,0
1734603943.0332224,0,120,0
1734603943.0896878,0,194,0
1734603943.2094061,260,444,3611
1734603943.2755892,4095,3338,49
1734603943.3320563,4095,3342,0
1734603943.4452796,947,232,2353
1734603943.56655,669,0,460
1734603943.625877,1050,106,78
1734603943.6833274,1275,1383,0
1734603943.7564826,575,730,0
1734603943.8143384,105,1018,0
1734603943.8666496,270,2322,80
1734603943.9298778,0,91,0
1734603943.995117,0,128,0
1734603944.0472565,0,107,0
1734603944.168367,0,69,0
1734603944.2249544,0,103,0
1734603944.2891083,1,114,0
1734603944.4077923,0,99,105
1734603944.535853,4027,0,0
1734603944.6490965,2018,0,0
1734603944.656259,0,0,0
1734603944.7136738,149,0,108
1734603944.774548,0,325,63
1734603944.9555025,0,282,460
1734603945.0041778,843,193,0
1734603945.076135,1186,0,0
1734603945.1346962,1061,538,0
1734603945.2568064,289,304,85
1734603945.3148053,144,187,0
1734603945.4351103,16,64,0
1734603945.4940777,50,94,0
1734603945.497114,32,95,0
1734603945.5537956,27,96,0
1734603945.613695,22,98,0
1734603945.6749425,48,127,0
1734603945.73344,0,102,0
1734603945.8533323,0,102,0
1734603945.9134414,2734,0,0
1734603945.9729261,1846,0,0
1734603946.0331259,2193,0,0
1734603946.0947864,2862,0,0
1734603946.1521215,2983,0,0
1734603946.2123914,1649,399,0
1734603946.2756786,565,95,68
1734603946.3337657,1008,503,456
1734603946.3802264,396,19,0
1734603946.455079,1140,272,0
1734603946.5050294,1159,288,0
1734603946.5728383,1396,0,277
1734603946.6951714,186,3413,195
1734603946.7606232,304,431,0
1734603946.81363,366,418,211
1734603946.8747907,0,112,0
1734603946.9308538,0,175,0
1734603947.0544379,0,107,0
1734603947.111245,0,101,0
1734603947.235369,847,0,0
1734603947.3549628,2559,0,0
1734603947.4018443,3115,0,0
1734603947.4747336,1273,582,0
1734603947.5346425,816,30,947
1734603947.5891874,2788,410,2714
1734603947.6552873,3395,274,3440
1734603947.7134318,117,461,64
1734603947.7733283,1133,749,0
1734603947.8357236,2158,1245,0
1734603947.8850186,306,351,122
1734603947.955968,18,144,0
1734603948.013592,1,126,0
1734603948.075033,51,169,0
1734603948.1334133,0,133,0
1734603948.1952577,0,48,0
1734603948.2566428,21,77,0
1734603948.3149188,0,147,0
1734603948.374082,0,103,0
1734603948.4341786,0,144,0
1734603948.5568044,0,533,339
1734603948.6160135,0,182,145
1734603948.67303,541,239,0
1734603948.7341282,715,243,0
1734603948.7947087,483,259,0
1734603948.8546247,495,389,0
1734603948.9040773,3819,421,3632
1734603948.97564,1367,0,0
1734603949.0337408,1669,943,448
1734603949.0960257,244,2011,0
1734603949.154528,233,2489,16
1734603949.2701864,1594,715,342
1734603949.3329897,46,165,0
1734603949.3897893,16,132,0
1734603949.4579046,2,112,0
1734603949.5013363,34,138,0
1734603949.576373,9,124,0
1734603949.693294,0,96,0
1734603949.7559395,13,112,0
1734603949.81423,0,179,0
1734603949.8758917,0,247,42
1734603949.9220564,0,307,95
1734603949.9886901,355,666,3457
1734603950.0556178,4095,3418,0
1734603950.1137834,155,240,1120
1734603950.1760921,192,156,16
1734603950.2348852,0,0,315
1734603950.283774,0,105,441
1734603950.354629,0,128,468
1734603950.412801,0,195,502
1734603950.4744036,110,55,592
1734603950.5362704,1483,738,0
1734603950.591416,1474,846,0
1734603950.652124,469,2609,47
1734603950.7110791,183,211,0
1734603950.7758925,0,81,0
1734603950.8327813,26,95,0
1734603950.8888965,44,114,0
1734603951.0162034,0,140,0
1734603951.0708942,0,163,0
1734603951.1326973,944,1495,1279
1734603951.1970189,274,0,0
1734603951.2546592,3155,0,389
1734603951.3046403,1088,909,233
1734603951.3755448,838,291,0
1734603951.4355857,487,106,0
1734603951.4955351,342,93,0
1734603951.5415542,238,91,0
1734603951.6107838,152,59,0
1734603951.7346897,0,0,10
1734603951.7946742,1488,345,0
1734603951.8547056,1074,3398,192
1734603951.8553433,439,1781,0
1734603951.911944,1169,1467,478
1734603951.9764423,382,217,0
1734603952.0319588,595,431,218
1734603952.0958216,150,112,0
1734603952.1520433,21,50,0
1734603952.2165334,21,90,0
1734603952.2747886,0,107,0
1734603952.336321,0,141,0
1734603952.4392521,0,133,0
1734603952.5160124,0,176,0
1734603952.5699067,0,307,111
1734603952.6339555,3278,0,0
1734603952.6846974,2950,0,0
1734603952.8160112,2063,776,0
1734603952.8701036,785,265,0
1734603952.9302077,734,320,0
1734603952.9954073,856,604,0
1734603953.0543382,1239,1514,0
1734603953.1163,1314,235,0
1734603953.1737165,2183,0,539
1734603953.235695,337,3305,208
1734603953.2951136,1040,3013,147
1734603953.3559232,0,95,0
1734603953.404902,0,67,0
1734603953.5320914,0,62,0
1734603953.594869,80,91,0
1734603953.6558495,39,90,0
1734603953.7051992,51,124,0
1734603953.776511,3,112,0
1734603953.8360546,177,0,0
1734603953.9541225,326,1,0
1734603954.0108821,622,0,0
1734603954.0758862,697,334,0
1734603954.134693,791,528,0
1734603954.1952028,596,458,0
1734603954.3158734,501,654,0
1734603954.3755157,409,3467,160
1734603954.4264855,350,1733,0
1734603954.4808156,350,354,80
1734603954.5464234,535,466,257
1734603954.5555012,782,727,507
1734603954.610431,210,216,18
1734603954.669479,163,176,0
1734603954.7241468,75,117,0
1734603954.7890525,64,129,0
1734603954.8553343,39,93,0
1734603954.9170063,0,96,0
1734603954.9720876,0,79,0
1734603955.0284405,0,95,0
1734603955.1540964,0,95,0
1734603955.2154953,0,103,0
1734603955.2705228,0,101,0
1734603955.33503,0,135,0
1734603955.3932602,0,109,0
1734603955.4572513,2846,0,0
1734603955.516199,461,1018,2000
1734603955.5745192,4095,3162,64
1734603955.6225975,1635,1657,0
1734603955.695317,901,0,173
1734603955.7445004,409,1680,0
1734603955.871708,0,400,240
1734603955.9339452,132,0,704
1734603955.9816186,806,389,0
1734603956.0545633,1437,985,0
1734603956.114631,240,226,2
1734603956.1750665,644,613,405
1734603956.2366452,82,73,0
1734603956.293089,35,48,0
1734603956.341321,55,80,0
1734603956.5245702,11,112,0
1734603956.5808086,0,85,0
1734603956.6529808,0,107,0
1734603956.716446,3475,0,0
1734603956.770416,3376,0,0
1734603956.835891,2110,0,0
1734603956.9544654,1184,323,0
1734603957.0026953,896,311,230
1734603957.016472,602,256,289
1734603957.1231325,1500,1867,0
1734603957.196764,1534,306,83
1734603957.2553499,862,730,369
1734603957.316511,0,151,0
1734603957.3719308,0,132,0
1734603957.4350703,262,366,144
1734603957.4899657,690,764,540
1734603957.5455012,0,83,0
1734603957.6099908,13,109,0
1734603957.7356508,0,90,0
1734603957.7959957,0,89,0
1734603957.8533988,0,113,0
1734603957.914973,0,131,0
1734603957.9728413,0,203,9
1734603958.024724,496,1267,2384
1734603958.0965908,1209,544,0
1734603958.152379,4095,3369,0
1734603958.2133353,3121,2313,154
1734603958.2148397,0,0,4095
1734603958.2730334,0,509,3777
1734603958.3362362,3376,2559,33
1734603958.392124,0,38,939
1734603958.4555357,29,0,327
1734603958.5164196,0,15,537
1734603958.576287,831,242,0
1734603958.6345868,23,119,0
1734603958.6942818,26,80,0
1734603958.7421248,890,782,600
1734603958.8146827,35,144,27
1734603958.8744886,0,0,0
1734603958.935317,0,0,0
1734603959.0556428,0,0,0
1734603959.1041775,0,0,0
1734603959.1751244,0,0,0
1734603959.231538,27,90,43
1734603959.280296,0,3,0
1734603959.3551948,373,0,212
1734603959.4117153,336,0,90
1734603959.4749732,1456,1387,534
1734603959.5333655,3966,3388,192
1734603959.5954554,0,1555,4083
1734603959.6432464,94,0,0
1734603959.7154965,33,0,26
1734603959.7754052,0,0,0
1734603959.8328981,0,0,35
1734603959.8954713,0,0,70
1734603959.9553843,0,0,125
1734603960.0173428,753,768,583
1734603960.1286333,15,117,0
1734603960.1956987,0,48,0
1734603960.3146331,0,32,0
1734603960.3739192,0,31,0
1734603960.4329941,0,250,320
1734603960.4937046,1424,0,0
1734603960.5440469,544,0,0
1734603960.6084125,720,0,0
1734603960.720462,2773,0,0
1734603960.7926114,1063,214,535
1734603960.8515964,1041,329,670
1734603960.907942,719,258,254
1734603960.9640584,389,0,0
1734603961.0813642,385,60,0
1734603961.2146914,2448,106,0
1734603961.2747357,1328,31,570
1734603961.330356,108,2846,74
1734603961.3945446,117,2514,17
1734603961.4542525,0,53,0
1734603961.5138407,0,100,0
1734603961.5753207,0,65,0
1734603961.6333697,0,85,0
1734603961.6892433,0,49,0
1734603961.7563972,2239,227,2460
1734603961.815563,4095,3155,126
1734603961.873869,272,746,692
1734603961.921171,886,0,1391
1734603961.9939814,134,165,1168
1734603962.043859,819,0,910
1734603962.109145,175,0,467
1734603962.1750457,111,0,464
1734603962.2217653,0,0,385
1734603962.2961211,0,0,422
1734603962.355094,0,80,384
1734603962.4140704,225,451,128
1734603962.4735143,187,304,78
1734603962.5833616,0,117,0
1734603962.596977,0,118,0
1734603962.6548362,94,239,55
1734603962.7129676,0,87,0
1734603962.7764177,0,84,0
1734603962.8355517,0,79,0
1734603962.8939934,0,49,0
1734603963.014124,0,69,0
1734603963.071578,0,96,0
1734603963.1263714,0,93,0
1734603963.1960752,742,0,0
1734603963.254939,2286,0,0
1734603963.313085,2445,12,0
1734603963.3733304,1581,506,0
1734603963.495715,962,635,271
1734603963.5523386,0,27,103
1734603963.614553,0,124,240
1734603963.669337,0,464,228
1734603963.7332444,4095,3475,0
1734603963.7903798,853,3406,167
1734603963.8536692,748,1687,0
1734603963.912953,562,3340,172
1734603963.9752939,6,129,0
1734603964.034649,77,154,0
1734603964.0955162,0,61,0
1734603964.143584,21,86,0
1734603964.211647,65,113,0
1734603964.2746444,3,65,0
1734603964.3231096,0,64,0
1734603964.3882403,0,592,698
1734603964.5004387,384,0,0
1734603964.5761766,1499,0,0
1734603964.6205907,3182,0,0
1734603964.6886373,2688,0,0
1734603964.755088,63,48,0
1734603964.8151853,272,307,185
1734603964.8689852,0,51,0
1734603964.9349213,0,42,0
1734603964.9893196,0,80,0
1734603965.0526264,0,146,48
1734603965.1133435,0,231,133
1734603965.175187,0,144,52
1734603965.2352972,239,282,0
1734603965.352475,784,797,599
1734603965.4763691,131,214,55
1734603965.5225043,0,97,0
1734603965.594219,0,102,0
1734603965.6524677,0,78,0
1734603965.7078593,0,69,0
1734603965.7750492,0,85,0
1734603965.8209257,0,108,0
1734603965.891832,0,107,0
1734603966.0124736,0,141,0
1734603966.0724237,0,208,54
1734603966.1241171,0,249,87
1734603966.192711,827,1,0
1734603966.2536864,741,705,0
1734603966.3059368,753,228,0
1734603966.3740778,1567,0,722
1734603966.4341154,597,228,0
1734603966.495695,849,502,0
1734603966.5563028,397,0,0
1734603966.616836,104,1850,0
1734603966.6710753,555,669,278
1734603966.7932365,63,290,95
1734603966.8543289,0,144,0
1734603966.9161453,0,117,0
1734603966.9728937,0,114,0
1734603967.033321,0,131,0
1734603967.093943,0,118,0
1734603967.2136395,0,128,0
1734603967.276435,0,177,8
1734603967.3322942,0,177,7
1734603967.3942587,0,190,16
1734603967.440481,0,154,0
1734603967.5119457,0,0,0
1734603967.5765023,4095,3387,33
1734603967.63261,1217,1394,0
1734603967.694801,1948,2234,16
1734603967.752363,1155,411,0
1734603968.0528533,1041,1090,0
1734603968.0546021,1019,620,0
1734603968.1100593,877,852,0
1734603968.1739023,27,39,183
1734603968.2297962,0,39,112
1734603968.2951856,0,16,106
1734603968.406055,0,0,107
1734603968.581972,612,218,0
1734603968.7153184,300,253,55
1734603968.7686853,149,115,0
1734603968.89462,86,43,0
1734603968.9432542,80,69,0
1734603969.070577,1200,435,0
1734603969.1320617,1118,441,228
1734603969.2531343,543,62,52
1734603969.314709,266,0,0
1734603969.3704746,0,788,191
1734603969.4817936,0,608,39
1734603969.6082122,0,128,133
1734603969.7283843,574,0,470
1734603969.8560834,93,105,0
1734603969.9142737,73,101,0
1734603969.9759836,55,96,0
1734603970.023477,36,91,0
1734603970.0947258,37,94,0
1734603970.2147787,0,93,0
1734603970.216071,0,130,0
1734603970.3285773,0,145,0
1734603970.38533,0,193,5
1734603970.4577177,0,228,35
1734603970.5064495,0,251,62
1734603970.5752263,947,0,0
1734603970.6338403,1191,16,0
1734603970.6848307,1226,5,0
1734603970.7562742,1187,49,0
1734603970.8047068,1001,162,0
1734603970.8704708,427,240,0
1734603970.9877446,346,288,0
1734603971.057894,58,128,0
1734603971.1078236,0,122,0
1734603971.235273,158,166,0
1734603971.2921712,138,158,0
1734603971.3573134,32,101,0
1734603971.5252233,80,163,0
1734603971.6558957,76,87,0
1734603971.7128465,90,98,0
1734603971.77563,112,117,0
1734603971.8332815,80,91,0
1734603971.8948615,82,90,0
1734603971.9529965,0,277,96
1734603972.0136588,0,203,125
1734603972.066371,0,151,125
1734603972.1300724,0,64,267
1734603972.1948612,0,20,258
1734603972.253409,182,0,17
1734603972.3140361,0,93,43
1734603972.3745682,33,0,0
1734603972.4336052,0,75,436
1734603972.4958794,0,475,981
1734603972.5553527,0,511,3888
1734603972.675083,0,545,4015
1734603972.7309322,494,699,480
1734603972.7904556,430,650,433
1734603972.8545885,161,439,246
1734603972.9076536,0,256,80
1734603972.975841,0,115,0
1734603973.0357754,0,131,0
1734603973.0965972,0,132,0
1734603973.1558642,0,166,0
1734603973.215386,0,145,0
1734603973.276575,3329,0,0
1734603973.3325632,3318,3088,163
1734603973.381248,1666,937,1328
1734603973.4550307,1471,770,1591
1734603973.5089588,4095,3431,0
1734603973.5652554,0,711,3885
1734603973.629899,175,480,2761
1734603973.691561,0,592,3822
1734603973.8096,0,812,3359
1734603973.9308197,0,437,3813
1734603973.9924617,4095,3329,0
1734603974.0560827,65,3596,163
1734603974.1122632,294,317,82
1734603974.1762753,722,737,521
1734603974.2323182,158,277,82
1734603974.2810133,0,45,0
1734603974.3446414,0,49,0
1734603974.4745886,0,87,0
1734603974.5236764,0,123,0
1734603974.6545987,0,127,0
1734603974.711964,0,138,0
1734603974.7686262,0,124,0
1734603974.8283575,0,117,0
1734603974.9534242,0,119,0
1734603975.1349285,0,297,91
1734603975.1921916,1164,182,0
1734603975.2404778,927,235,0
1734603975.3135917,787,265,73
1734603975.373941,673,229,0
1734603975.4311724,544,145,0
1734603975.496158,0,0,29
1734603975.5553324,0,109,281
1734603975.6140423,0,439,202
1734603975.6751187,23,360,564
1734603975.733952,0,74,0
1734603975.7966526,0,39,0
1734603975.8532906,0,50,0
1734603975.9149146,1,75,0
1734603975.9736128,75,116,0
1734603976.0898697,42,86,0
1734603976.2157328,0,80,0
1734603976.334773,283,282,117
1734603976.3929262,0,137,0
1734603976.5771441,0,251,96
1734603976.6349854,0,432,272
1734603976.692114,161,0,0
1734603976.9239721,532,0,0
1734603976.9831862,3299,0,0
1734603977.0613604,332,810,531
1734603977.117288,1383,750,887
1734603977.168596,1487,311,0
1734603977.2452571,0,171,16
1734603977.2866023,3,177,23
1734603977.3605359,0,73,0
1734603977.4136906,0,74,0
1734603977.470282,315,0,0
1734603977.526247,772,0,0
1734603977.5953765,886,0,0
1734603977.654979,1049,0,0
1734603977.7053459,1435,64,27
1734603977.8361866,1614,466,0
1734603977.896705,734,534,0
1734603977.944187,697,0,0
1734603978.0168293,335,0,183
1734603978.0689042,284,0,185
1734603978.128581,360,0,298
1734603978.1946437,272,0,416
1734603978.3072677,801,655,0
1734603978.3747969,0,135,0
1734603978.4343061,0,105,0
1734603978.495009,16,145,0
1734603978.554984,667,712,498
1734603978.61306,765,801,598
1734603978.7316003,0,76,0
1734603978.7937586,0,64,0
1734603978.854891,0,105,0
1734603978.9103353,0,81,0
1734603979.0356905,0,101,0
1734603979.096737,3669,0,0
1734603979.1560295,2315,34,0
1734603979.2135503,0,0,3889
1734603979.2769086,1225,3114,192
1734603979.3332565,1609,1301,0
1734603979.39514,1163,108,1009
1734603979.454954,603,290,144
1734603979.514595,62,0,0
1734603979.5709786,188,0,329
1734603979.633483,416,0,596
1734603979.695167,58,154,407
1734603979.8139277,223,0,976
1734603979.8745174,495,477,0
1734603979.934318,867,538,0
1734603979.9931407,0,66,0
1734603980.0565631,0,89,0
1734603980.1160145,0,80,0
1734603980.1750774,0,51,0
1734603980.2324495,0,48,0
1734603980.2898057,0,177,3
1734603980.409317,0,176,7
1734603980.4753797,0,194,16
1734603980.5336354,0,195,183
1734603980.5951169,4095,0,0
1734603980.6398582,4095,0,0
1734603980.7051132,4095,0,0
1734603980.774244,3569,0,0
1734603980.8337173,2559,0,0
1734603980.8818195,159,180,0
1734603980.9563496,0,368,233
1734603981.015851,0,601,455
1734603981.074909,2347,1343,0
1734603981.1339815,2512,2591,74
1734603981.240778,1824,0,173
1734603981.3047607,40,253,80
1734603981.376015,0,85,0
1734603981.4355094,0,92,0
1734603981.4831548,0,105,0
1734603981.5545247,0,139,0
1734603981.614579,0,91,0
1734603981.6765542,0,126,0
1734603981.735432,660,0,0
1734603981.7964144,848,0,0
1734603981.8533654,827,0,0
1734603981.9123495,1039,0,0
1734603981.9748557,567,207,35
1734603982.0350988,1697,0,0
1734603982.0971208,1200,34,308
1734603982.2139437,928,1510,0
1734603982.2744594,1259,649,352
1734603982.3951938,1433,0,379
1734603982.4455683,1308,0,80
1734603982.4557335,690,3229,158
1734603982.509259,47,530,0
1734603982.5761244,164,203,3
1734603982.6275933,0,83,0
1734603982.6952443,0,109,0
1734603982.754802,0,94,0
1734603982.813963,0,141,0
1734603982.8700101,1872,0,0
1734603982.9357378,3280,0,0
1734603982.996658,4095,3376,172
1734603983.0586655,2172,16,0
1734603983.1117368,2409,3147,185
1734603983.1750886,4095,3302,78
1734603983.2357585,1759,0,275
1734603983.3548672,32,0,0
1734603983.4122984,0,0,0
1734603983.476365,0,0,0
1734603983.532702,0,0,87
1734603983.581361,0,0,132
1734603983.6472132,0,0,349
1734603983.7760525,966,3344,199
1734603983.8297384,720,2066,23
1734603983.8843822,0,609,0
1734603983.9574797,336,404,84
1734603984.014695,0,80,0
1734603984.0762196,730,757,551
1734603984.1306849,814,864,653
1734603984.1950252,70,144,0
1734603984.2543106,0,95,0
1734603984.3150227,0,104,0
1734603984.375649,17,176,0
1734603984.4330294,0,95,0
1734603984.436136,0,121,0
1734603984.495396,1723,0,0
1734603984.6053686,557,199,80
1734603984.6741714,2948,81,1937
1734603984.7358036,1594,1275,0
1734603984.7831635,868,352,0
1734603984.8550556,0,157,234
1734603984.9165895,1725,194,1510
1734603984.9744046,1247,641,0
1734603985.0865614,1492,470,0
1734603985.1564188,0,99,0
1734603985.2092426,211,301,125
1734603985.2728064,0,68,0
1734603985.33319,0,49,0
1734603985.4534702,0,62,0
1734603985.4556239,0,83,0
1734603985.5144315,0,80,0
1734603985.5703032,0,96,0
1734603985.6330786,0,166,5
1734603985.6938813,210,471,286
1734603985.7566185,0,464,304
1734603985.8142493,1311,0,0
1734603985.874849,3216,0,0
1734603985.935189,226,59,0
1734603985.9955015,389,281,0
1734603986.0532718,357,196,0
1734603986.1114547,331,114,0
1734603986.230832,128,273,0
1734603986.234756,528,0,478
1734603986.2853067,0,1869,2
1734603986.354049,0,1523,0
1734603986.4143977,0,3629,169
1734603986.4748282,0,117,0
1734603986.5242813,101,250,69
1734603986.588462,154,405,264
1734603986.6553714,26,84,0
1734603986.7145984,0,16,0
1734603986.7764041,75,156,57
1734603986.8356967,82,161,33
1734603986.8852172,0,58,0
1734603986.9555724,2094,0,0
1734603987.0052123,2018,0,0
1734603987.0738225,1776,0,0
1734603987.1326866,1126,220,89
1734603987.1826444,1222,179,0
1734603987.256341,563,193,121
1734603987.3139076,675,162,119
1734603987.3719676,672,0,148
1734603987.4337084,538,12,347
1734603987.4836273,491,0,25
1734603987.5561597,1984,318,1803
1734603987.6134193,1280,1019,272
1734603987.6744616,1234,0,0
1734603987.7363935,1017,3375,176
1734603987.7941952,160,62,0
1734603987.8412285,173,39,0
1734603987.9123046,163,35,0
1734603987.9747763,116,10,0
1734603988.0348551,95,29,0
1734603988.0835586,48,94,0
1734603988.1490014,0,235,102
1734603988.214023,0,495,368
1734603988.2755227,230,0,77
1734603988.3363793,4095,3562,83
1734603988.3958416,478,0,0
1734603988.455382,386,0,151
1734603988.5746639,220,0,9
1734603988.6260612,143,0,192
1734603988.695105,0,94,88
1734603988.745255,34,1833,0
1734603988.8154466,880,69,0
1734603988.8735268,336,183,0
1734603988.9943151,147,128,0
1734603989.054886,0,64,0
1734603989.1088915,0,99,0
1734603989.2361948,0,110,0
1734603989.293254,0,144,3
1734603989.3540905,0,368,219
1734603989.4136019,679,602,818
1734603989.476139,960,266,0
1734603989.526291,630,279,81
1734603989.6541522,651,282,83
1734603989.7004144,781,342,121
1734603989.7756538,606,239,0
1734603989.7762294,555,211,0
1734603989.8272378,521,302,0
1734603989.8853457,437,133,0
1734603989.9542544,48,0,0
1734603990.012647,1104,179,92
1734603990.072156,1124,0,194
1734603990.124508,1031,131,0
1734603990.194402,706,3435,171
1734603990.244189,0,0,0
1734603990.3671675,79,79,0
1734603990.426823,147,137,0
1734603990.496388,30,45,0
1734603990.560438,0,53,0
1734603990.6009927,0,49,0
1734603990.6733725,0,58,0
1734603990.7320065,3002,0,0
1734603990.8416822,3254,0,0
1734603990.905563,4003,0,0
1734603991.0256112,4095,0,0
1734603991.08276,1421,35,39
1734603991.1557193,897,483,208
1734603991.3351169,64,146,0
1734603991.3963344,176,158,157
1734603991.4564884,282,158,796
1734603991.5049183,3447,177,3707
1734603991.573556,1261,909,497
1734603991.6328204,0,64,0
1734603991.696626,0,85,0
1734603991.7548363,0,86,0
1734603991.7560709,0,80,0
1734603991.8719006,0,271,111
1734603991.934433,0,309,153
1734603991.9844236,0,430,294
1734603992.0552342,0,310,284
1734603992.1748788,1535,0,205
1734603992.2313392,1485,9,1360
1734603992.2817612,464,261,2289
1734603992.3447275,107,928,0
1734603992.4166925,543,0,263
1734603992.5277598,372,0,407
1734603992.5359886,1796,0,258
1734603992.5820646,829,1129,0
1734603992.7159677,682,2308,32
1734603992.7746484,0,219,0
1734603992.8939693,10,91,0
1734603992.9560773,73,158,0
1734603993.0163152,0,29,0
1734603993.0746436,0,85,0
1734603993.1338916,6,120,0
1734603993.1953814,0,93,0
1734603993.2555208,2747,0,0
1734603993.3754892,887,379,0
1734603993.433458,535,195,0
1734603993.4963617,284,86,0
1734603993.5464613,276,180,0
1734603993.6702743,0,787,288
1734603993.6762822,846,117,143
1734603993.7366023,656,0,0
1734603993.7954025,0,1703,3497
1734603993.8555295,909,1471,23
1734603993.904477,363,323,0
1734603993.9763231,128,139,0
1734603994.080621,48,64,0
1734603994.1481636,35,80,0
1734603994.2140117,0,59,0
1734603994.2753742,0,77,0
1734603994.3276985,55,155,0
1734603994.393517,2,218,48
1734603994.4567075,0,135,0
1734603994.5020971,0,178,11
1734603994.5749629,0,163,1
1734603994.635942,0,240,69
1734603994.6963456,1229,301,923
1734603994.8152852,837,109,0
1734603994.8705697,496,244,249
1734603994.9340646,614,128,0
1734603994.9955266,272,16,0
1734603995.055822,181,0,0
1734603995.1106727,2559,0,665
1734603995.1782873,859,1598,81
1734603995.2354565,769,1562,251
1734603995.2943861,287,277,0
1734603995.3542378,23,32,0
1734603995.4115732,38,72,0
1734603995.4763424,1023,1035,829
1734603995.5278757,0,48,0
1734603995.5860906,0,64,0
1734603995.6543114,16,99,0
1734603995.7132194,0,80,0
1734603995.7733426,0,46,0
1734603995.8277247,0,49,0
1734603995.8843074,0,211,46
1734603995.9565437,0,235,73
1734603996.0132644,0,272,104
1734603996.074952,0,298,128
1734603996.1960902,0,459,299
1734603996.2520943,0,193,222
1734603996.3148818,161,16,0
1734603996.37399,121,160,0
1734603996.676367,173,21,0
1734603996.7354016,2125,654,1867
1734603996.913298,2726,0,2426
1734603996.9759145,0,133,0
1734603997.034873,170,359,184
1734603997.0942414,731,919,726
1734603997.1533952,915,864,663
1734603997.2031183,0,86,0
1734603997.2754421,429,473,289
1734603997.3939462,0,174,3
1734603997.63647,2798,0,0
1734603997.8752003,1414,1886,137
1734603997.935631,608,206,273
1734603997.9920452,1420,2118,0
1734603998.0554888,0,125,15
1734603998.112428,11,208,0
1734603998.1699424,0,138,0
1734603998.236272,366,401,224
1734603998.2966533,2875,0,0
1734603998.4660485,914,592,0
1734603998.5251176,0,364,3847
1734603998.5884695,4095,3299,81
1734603998.6575854,4095,3413,0
1734603998.7162416,1207,459,756
1734603998.775219,855,1111,640
1734603998.836664,1381,0,208
1734603998.8965902,898,3284,202
1734603999.0066001,262,1277,0
1734603999.135474,178,188,0
1734603999.1838756,0,114,0
1734603999.374698,0,76,0
1734603999.4351313,0,73,0
1734603999.5564525,0,75,0
1734603999.6169999,0,78,0
1734603999.8545363,0,112,0
1734603999.857041,0,102,0
1734603999.9150772,907,0,0
1734603999.976551,3364,0,0
1734604000.034137,2745,0,0
1734604000.0894446,712,209,109
1734604000.2148795,0,166,395
1734604000.275313,0,522,390
1734604000.2768598,462,1587,87
1734604000.3358438,975,0,492
1734604000.38238,1049,482,0
1734604000.516196,0,158,0
1734604000.5735865,0,144,0
1734604000.6300993,0,125,0
1734604000.6950917,0,112,0
1734604000.871281,0,101,0
1734604000.9820192,104,182,9
1734604001.1744905,0,63,0
1734604001.3543248,0,310,134
1734604001.4158669,0,0,16
1734604001.4755635,738,0,0
1734604001.5278208,4095,0,0
1734604001.5905018,1422,1659,0
1734604001.6546285,0,3646,221
1734604001.7745512,1119,2043,0
1734604001.9542966,86,3451,192
1734604002.0706153,336,341,43
1734604002.1363506,144,125,0
1734604002.1927075,0,79,0
1734604002.2451391,0,51,0
1734604002.2995956,0,61,0
1734604002.4305742,0,64,0
1734604002.8531878,0,78,0
1734604002.9135783,0,115,0
1734604002.9709175,0,125,0
1734604003.272901,0,530,379
1734604003.5763257,1035,3351,164
1734604003.8729398,1008,117,134
1734604003.9356687,432,2817,62
1734604003.9866734,659,592,261
1734604004.110726,187,0,0
1734604004.4047296,368,109,0
1734604004.581114,404,122,0
1734604004.7048829,425,18,0
1734604004.887199,304,133,580
1734604005.0734,688,3504,160
1734604005.2545877,0,294,230
1734604005.313478,0,48,43
1734604005.604513,3542,0,0
1734604005.6763444,0,131,256
1734604005.7930434,0,272,368
1734604005.8547058,94,202,497
1734604005.9076028,939,173,16
1734604005.9762435,1911,0,670
1734604006.0275567,1853,646,567
1734604006.1557717,0,127,0
1734604006.2135177,0,138,0
1734604006.274913,0,207,32
1734604006.3347523,448,698,496
1734604006.39108,0,511,400
1734604006.4571252,80,33,0
1734604006.5117493,221,0,0
1734604006.5723937,415,25,0
1734604006.6840165,0,65,0
1734604006.8165836,0,131,0
1734604006.8185961,0,288,159
1734604006.875842,0,330,200
1734604006.9344323,0,368,243
1734604006.9847739,656,138,0
1734604007.0570698,960,983,758
1734604007.1719458,0,144,0
1734604007.2825313,0,27,0
1734604007.3548481,7,66,0
1734604007.5310004,0,64,0
1734604007.59621,55,153,0
1734604007.7147374,0,64,0
1734604007.8864481,2158,0,0
1734604007.954003,2718,0,0
1734604008.129958,881,202,65
1734604008.1938834,905,227,0
1734604008.2557764,643,327,111
1734604008.4295697,743,354,0
1734604008.4863174,806,496,0
1734604008.5542946,51,207,0
1734604008.7962058,399,506,305
1734604008.8534906,688,805,614
1734604008.9732363,939,1050,848
1734604009.1537528,894,1466,1258
1734604009.2148378,0,1632,1505
1734604009.27635,450,620,614
1734604009.3943076,1165,64,694
1734604009.455928,378,0,3
1734604009.5140224,422,0,52
1734604009.6317003,43,85,0
1734604009.6963704,749,654,466
1734604009.8019552,880,738,561
1734604009.874992,442,447,277
1734604009.9881551,0,51,0
1734604010.0521212,0,44,0
1734604010.1694007,0,105,0
1734604010.3469794,0,165,7
1734604010.472319,961,0,493
1734604010.5836382,219,0,0
1734604010.7758017,0,227,496
1734604010.889625,0,368,390
1734604010.95522,0,418,480
1734604011.0084789,1345,0,412
1734604011.0751667,1142,437,0
1734604011.1296432,16,176,0
1734604011.1817887,0,80,0
1734604011.2434464,0,45,0
1734604011.315404,0,38,0
1734604011.4225373,44,106,0
1734604011.435506,17,64,0
1734604011.4820967,1687,0,0
1734604011.555116,0,540,4063
1734604011.6171873,4095,3394,0
1734604011.7214346,655,66,460
1734604011.7355993,0,148,451
1734604011.7844453,1186,816,0
1734604011.8567169,991,1016,0
1734604011.9094102,1023,258,0
1734604011.9751937,1170,714,0
1734604012.0238342,1390,523,0
1734604012.0847607,455,2306,0
1734604012.156255,34,196,15
1734604012.2130525,44,215,31
1734604012.2725532,10,188,1
1734604012.3271341,0,144,0
1734604012.3858683,0,62,0
1734604012.5049021,0,79,0
1734604012.6220863,0,107,0
1734604012.6937623,16,95,0
1734604012.7419727,0,116,0
1734604012.8138223,0,122,0
1734604012.8661942,0,155,0
1734604012.9363382,0,378,211
1734604013.0562634,681,0,542
1734604013.1675375,0,0,398
1734604013.287782,144,162,526
1734604013.356004,751,490,0
1734604013.4075892,393,403,238
1734604013.475697,109,189,153
1734604013.5364435,0,0,0
1734604013.6535418,0,0,0
1734604013.773811,0,0,0
1734604013.88811,0,119,0
1734604013.9612923,0,237,61
1734604014.012735,0,379,222
1734604014.0728705,0,433,285
1734604014.134851,3536,151,3637
1734604014.1886137,3306,103,1335
1734604014.2559266,306,280,36
1734604014.3755305,432,443,1783
1734604014.3764224,22,1265,0
1734604014.432458,1065,70,49
1734604014.55282,1124,1456,0
1734604014.55625,907,324,0
1734604014.6721768,564,2064,0
1734604014.6764445,310,3183,127
1734604014.7896943,26,112,17
1734604014.916108,0,29,0
1734604015.0339396,0,99,0
1734604015.0904298,0,90,0
1734604015.154543,0,119,0
1734604015.2180357,0,138,0
1734604015.3302667,0,162,0
1734604015.3947291,0,311,128
1734604015.4553738,0,79,41
1734604015.515952,58,163,0
1734604015.6348264,703,0,733
1734604015.695662,0,789,64
1734604015.7467895,0,0,176
1734604015.8024151,286,0,749
1734604015.8764691,42,120,0
1734604015.9251962,384,413,183
1734604015.9926517,564,528,299
1734604016.0573819,144,187,0
1734604016.114854,32,134,0
1734604016.1765072,0,87,0
1734604016.2362366,0,69,0
1734604016.2935221,53,155,0
1734604016.3571463,0,71,0
1734604016.4757795,0,205,19
1734604016.5290892,0,208,27
1734604016.5943098,0,346,173
1734604016.652764,0,322,154
1734604016.7156742,96,0,0
1734604016.7755072,3466,0,0
1734604016.894779,994,23,209
1734604017.0685787,642,358,0
1734604017.1353254,349,159,0
1734604017.1953607,0,402,385
1734604017.2544303,0,623,192
1734604017.3148725,33,259,307
1734604017.3738441,686,3,0
1734604017.4273567,815,0,0
1734604017.4957042,2357,0,650
1734604017.5519505,1364,2247,7
1734604017.6060412,640,647,448
1734604017.6762993,0,89,0
1734604017.733557,0,80,0
1734604017.7962916,0,102,0
1734604017.8573728,0,80,0
1734604017.9156926,0,108,0
1734604017.976209,0,124,0
1734604018.08091,0,180,3
1734604018.144833,3596,0,0
1734604018.200318,3378,0,0
1734604018.2741842,3602,0,0
1734604018.3210442,1953,426,267
1734604018.4563203,585,270,89
1734604018.505461,505,78,0
1734604018.5740964,287,44,0
1734604018.6891317,66,11,0
1734604018.8009548,2695,1458,1266
1734604018.8169448,994,432,32
1734604018.8744445,268,36,0
1734604018.9355571,304,277,0
1734604019.0520515,263,315,0
1734604019.1120965,0,90,0
1734604019.235472,0,159,0
1734604019.295637,0,97,0
1734604019.352199,0,92,0
1734604019.416209,0,90,0
1734604019.473191,0,86,0
1734604019.5361621,0,91,0
1734604019.5863788,0,157,0
1734604019.654652,0,203,17
1734604019.704839,0,212,30
1734604019.775477,743,791,259
1734604019.895726,198,0,0
1734604019.9551065,186,0,0
1734604019.9561446,368,0,122
1734604020.015445,385,336,45
1734604020.077298,739,334,16
1734604020.1352642,997,943,0
1734604020.180704,1100,210,0
1734604020.2443342,410,1358,0
1734604020.3125632,219,257,66
1734604020.37623,112,192,8
1734604020.484348,0,18,0
1734604020.4962635,0,53,0
1734604020.555671,16,103,0
1734604020.6617815,16,105,0
1734604020.737128,0,389,283
1734604020.7878377,0,179,294
1734604020.8566055,1801,0,1207
1734604020.917103,98,438,3632
1734604020.9708056,0,161,4095
1734604021.035526,2478,2515,68
1734604021.0941796,11,0,332
1734604021.1556256,0,0,240
1734604021.2060244,0,0,290
1734604021.2696226,0,0,451
1734604021.3255982,0,0,482
1734604021.4407198,272,976,0
1734604021.5085104,980,573,0
1734604021.5743325,1151,64,0
1734604021.6291196,1369,0,56
1734604021.7561824,0,224,50
1734604021.8046184,0,171,0
1734604021.8692935,0,78,0
1734604021.9369035,0,107,0
1734604021.9890106,0,330,165
1734604022.056366,63,544,349
1734604022.1168191,0,0,0
1734604022.1688657,3185,0,0
1734604022.236448,2523,287,0
1734604022.2853243,4095,3374,79
1734604022.3547716,4095,4095,64
1734604022.3563924,1911,1361,1040
1734604022.4056025,422,363,0
1734604022.4702663,258,156,0
1734604022.5833447,63,135,0
1734604022.6548135,3,0,21
1734604022.7132518,377,0,560
1734604022.7764435,1264,3497,192
1734604022.8899014,0,129,0
1734604022.9453719,464,420,226
1734604023.0098362,149,115,0
1734604023.073845,79,87,0
1734604023.1300457,68,112,0
1734604023.1858962,43,161,0
1734604023.2591283,0,79,0
1734604023.315403,24,50,0
1734604023.3732467,19,48,0
1734604023.4361944,34,85,0
1734604023.492815,94,175,0
1734604023.5594542,0,75,0
1734604023.6083374,0,98,0
1734604023.6687222,0,87,0
1734604023.7362409,23,179,5
1734604023.795264,0,97,0
1734604023.8536353,0,90,0
1734604023.9154003,0,0,0
1734604023.9764173,206,86,57
1734604024.0364993,53,0,448
1734604024.0828044,318,58,314
1734604024.1545656,172,1375,26
1734604024.2165878,873,1535,0
1734604024.2766817,878,627,0
1734604024.3308535,214,469,0
1734604024.3886642,1694,960,0
1734604024.511002,1742,1081,128
1734604024.6347413,1535,3418,203
1734604024.7588344,743,407,0
1734604024.7602296,340,237,0
1734604024.8165026,471,383,0
1734604024.875927,134,138,0
1734604024.9355812,0,37,0
1734604024.9886732,0,21,0
1734604025.0551388,0,80,0
1734604025.1123207,10,80,0
1734604025.1711156,16,124,0
1734604025.2359238,0,116,0
1734604025.2961,0,144,0
1734604025.354866,0,193,15
1734604025.4132316,0,183,9
1734604025.474929,0,196,25
1734604025.5310795,0,240,59
1734604025.5966063,2627,0,0
1734604025.6512094,1681,304,102
1734604025.7150917,1055,144,0
1734604025.8351898,528,128,0
1734604025.9394023,438,238,0
1734604025.9552994,0,110,59
1734604026.0146801,599,823,0
1734604026.0763526,1610,565,0
1734604026.1351511,1527,738,0
1734604026.195868,890,807,0
1734604026.245396,566,656,0
1734604026.3719468,65,133,0
1734604026.375641,154,202,0
1734604026.4363928,89,111,0
1734604026.4857888,53,80,0
1734604026.5562944,48,78,0
1734604026.613748,53,76,0
1734604026.6739728,58,78,0
1734604026.734887,80,95,0
1734604026.796017,241,202,0
1734604026.8428981,240,214,0
1734604026.9156363,117,112,0
1734604026.9719496,99,97,0
1734604027.035794,82,97,0
1734604027.0939538,144,148,0
1734604027.1549788,51,85,0
1734604027.2148352,1290,0,398
1734604027.2731078,606,1261,569
1734604027.335146,478,1399,144
1734604027.393742,734,1072,70
1734604027.3955863,554,481,0
1734604027.4536505,588,446,0
1734604027.5144694,542,373,0
1734604027.5770123,89,0,54
1734604027.635606,224,0,64
1734604027.685648,95,0,114
1734604027.7555468,4095,378,3245
1734604027.8146193,1285,939,336
1734604027.8686264,1354,424,0
1734604027.9359741,1408,3373,171
1734604027.9961474,720,1290,0
1734604028.0521843,572,1067,0
1734604028.1155577,266,1680,0
1734604028.1739235,283,1594,0
1734604028.2272835,288,1515,0
1734604028.2958782,375,1152,0
1734604028.3549154,576,1273,0
1734604028.4155197,694,2380,32
1734604028.4165637,622,429,0
1734604028.468099,593,432,0
1734604028.5292804,624,474,0
1734604028.5816422,96,71,0
1734604028.6565137,75,48,0
1734604028.7755768,91,25,0
1734604028.831744,0,256,311
