timestamp,Left_Heel,Left_Middle,Left_Top,Right_Heel,Right_Middle,Right_Top
1736322813.1741595,0,564,171,16,43,0
1736322813.2369502,0,48,416,64,0,0
1736322813.2932885,0,829,126,4,38,0
1736322813.356572,0,173,336,0,76,32
1736322813.4166038,0,590,144,21,0,0
1736322813.5366309,0,815,109,26,14,0
1736322813.5909407,0,0,575,0,98,1
1736322813.6531413,0,942,83,0,97,6
1736322813.716566,0,14,429,66,0,0
1736322813.772897,0,1014,64,83,49,135
1736322813.833832,0,157,336,10,20,0
1736322813.8937793,0,541,160,0,50,0
1736322814.0134916,0,885,61,52,0,0
1736322814.0763595,0,160,310,0,199,26
1736322814.136134,0,341,229,0,0,10
1736322814.1927009,0,417,217,49,0,116
1736322814.2575374,0,270,208,0,48,0
1736322814.3164892,0,388,136,0,119,11
1736322814.3689861,0,271,271,0,18,0
1736322814.4316795,0,138,366,32,11,0
1736322814.49609,0,138,464,0,43,130
1736322814.6102266,0,842,0,14,20,0
1736322814.7367668,0,1778,101,5,2,0
1736322814.7964036,0,551,219,0,64,0
1736322814.8559494,0,1004,78,0,66,26
1736322814.915486,0,1787,143,25,0,122
1736322814.9652143,0,2288,71,15,0,0
1736322815.03929,0,0,374,0,64,0
1736322815.0964575,0,354,293,0,78,0
1736322815.156662,0,3201,224,19,18,0
1736322815.2102187,0,1415,4095,7,0,5
1736322815.2687554,4095,0,3493,4,16,129
1736322815.391493,664,2023,2021,0,50,0
1736322815.4573479,0,3387,187,0,39,0
1736322815.5780032,0,3164,1796,17,14,0
1736322815.636429,0,3472,205,0,32,18
1736322815.6952095,4095,0,3687,0,65,0
1736322815.7521,4095,466,3254,0,22,0
1736322815.8796299,0,4095,103,10,26,0
1736322815.933513,0,0,3773,0,48,0
1736322815.9943264,4095,0,3474,0,48,0
1736322816.1167362,4095,0,3975,1,11,141
1736322816.1752145,1085,0,3527,0,34,0
1736322816.2933793,0,1527,3386,0,45,0
1736322816.3546176,1274,0,3767,0,34,0
1736322816.4150858,1118,0,3554,14,19,0
1736322816.5335581,4095,0,4095,0,32,14
1736322816.5905583,0,3408,4095,0,26,127
1736322816.6620562,1411,665,2395,0,16,0
1736322816.7139332,1579,0,2767,0,42,0
1736322816.7728994,3472,550,3455,0,45,0
1736322816.8937845,3338,0,2187,0,0,10
1736322816.9566264,2695,0,998,258,0,0
1736322817.0140328,4095,0,3648,160,0,0
1736322817.134577,0,4095,146,0,388,71
1736322817.1888404,2966,0,3919,0,432,80
1736322817.2564971,4095,0,3583,121,0,0
1736322817.3099284,0,3701,4095,34,0,0
1736322817.3686342,3754,0,3845,0,414,74
1736322817.498999,4095,0,3620,0,1168,259
1736322817.5568864,4095,0,1874,314,3120,2409
1736322817.6145728,0,0,4095,0,495,270
1736322817.6745331,1503,1349,2480,0,1139,256
1736322817.7357647,3120,0,2531,368,0,0
1736322817.7919393,4095,0,4012,1013,0,0
1736322817.85258,4095,0,3671,0,1038,222
1736322817.9154098,4095,0,3715,229,525,129
1736322817.9747386,1477,495,654,656,0,96
1736322818.0352206,4095,0,4006,769,0,0
1736322818.0876412,4095,0,3611,813,675,131
1736322818.156274,0,4095,0,4095,0,0
1736322818.215171,0,4007,243,0,301,55
1736322818.2737129,4095,0,3923,0,3305,800
1736322818.3330479,4095,265,3616,0,1599,528
1736322818.3910198,4095,0,3561,849,0,0
1736322818.4554095,0,3741,161,862,0,0
1736322818.5729496,4095,0,3666,0,1114,273
1736322818.689266,4095,0,3389,465,0,94
1736322818.7567875,2945,0,3453,427,0,0
1736322818.817028,2861,0,2287,98,1035,211
1736322818.8726997,3306,0,3503,1648,2354,511
1736322818.9332175,560,1277,819,0,2768,641
1736322818.9939685,2054,46,1162,766,55,48
1736322819.0531058,3959,0,3486,1234,0,80
1736322819.1686609,1071,0,549,0,786,166
1736322819.23241,686,230,1593,481,1008,207
1736322819.3563025,0,640,347,1803,0,0
1736322819.4156656,1662,0,2303,4095,0,0
1736322819.4688454,863,0,1906,739,817,176
1736322819.5357656,315,0,480,293,3230,980
1736322819.596181,313,20,1089,0,2463,560
1736322819.7142832,741,192,1743,1456,0,0
1736322819.7727323,442,1712,90,1041,334,51
1736322819.8355002,1227,363,2608,448,1152,267
1736322819.8957999,0,835,645,749,0,125
1736322819.8964288,617,0,593,1535,765,144
1736322819.9542692,0,663,663,3600,0,0
1736322820.0763633,0,250,615,14,0,0
1736322820.132926,0,144,242,1258,0,0
1736322820.1971338,0,0,442,0,507,122
1736322820.2562008,0,448,463,0,491,242
1736322820.3134248,629,0,1347,32,0,0
1736322820.4360924,323,32,302,10,0,0
1736322820.4907525,0,1466,853,0,320,60
1736322820.5544662,94,1682,86,0,800,175
1736322820.6242647,1168,205,1705,0,241,67
1736322820.736198,762,1349,254,4095,0,0
1736322820.7963758,154,128,1402,1277,157,11
1736322820.8576229,48,1975,14,130,537,101
1736322820.9148955,0,261,285,562,70,0
1736322820.97295,0,1588,297,0,606,131
1736322821.0394785,0,287,426,0,1285,320
1736322821.095012,0,3227,232,466,812,201
1736322821.21287,4095,0,3307,0,3613,868
1736322821.2690234,4095,2957,1,0,3705,976
1736322821.3335443,2057,3387,186,0,1901,553
1736322821.3937051,307,3492,197,0,784,213
1736322821.4569461,0,118,3992,128,1235,438
1736322821.5097997,4095,0,3953,0,3431,819
1736322821.5688238,4095,3218,87,0,4095,1069
1736322821.6362498,4095,0,55,0,4095,1077
1736322821.6963801,4095,3283,0,0,4095,1050
1736322821.7550159,0,3424,1950,4095,0,33
1736322821.8138752,2193,3258,192,4058,0,85
1736322821.8743818,4095,0,3723,2862,0,0
1736322821.936441,0,2436,1054,2374,0,0
1736322821.9952855,0,0,4094,1934,0,0
1736322822.0566163,4095,0,0,3041,0,0
1736322822.1099057,4095,0,3726,2335,0,0
1736322822.1711533,0,3410,4095,3168,0,180
1736322822.2359383,3965,3280,202,3551,0,0
1736322822.3557808,0,4095,1,448,0,0
1736322822.414007,0,0,4070,404,0,0
1736322822.4740527,0,3462,4095,4095,0,0
1736322822.536268,2999,0,3669,4095,0,45
1736322822.5883627,0,3817,183,4095,0,0
1736322822.6568758,4019,0,3446,2559,0,0
1736322822.7168407,0,3427,209,2115,0,0
1736322822.7767243,329,3322,195,1711,0,0
1736322822.8348374,0,2541,429,1681,0,0
1736322822.9561427,118,0,3638,931,0,0
1736322823.0783594,4095,3415,143,928,0,0
1736322823.137755,4095,0,3727,1131,0,0
1736322823.1954181,0,3410,218,1712,0,0
1736322823.25613,0,3525,235,4095,0,0
1736322823.317195,4095,3360,55,480,133,3
1736322823.4331038,0,3647,262,778,154,6
1736322823.5564191,0,3429,208,508,190,17
1736322823.613967,4095,0,3901,0,1136,270
1736322823.6728685,4095,0,3723,4095,0,103
1736322823.7358868,380,3344,197,837,0,0
1736322823.7894328,4095,3449,85,2717,0,0
1736322823.8565218,0,3743,209,2997,0,0
1736322823.9133334,0,0,4095,1766,0,0
1736322824.0365982,4095,3390,95,117,2431,719
1736322824.0929723,0,0,4095,33,1152,309
1736322824.1465101,4095,3503,98,2960,0,0
1736322824.2186337,3571,3387,211,0,3576,848
1736322824.264742,55,3369,215,0,3699,966
1736322824.3395455,4095,62,3696,0,3490,934
1736322824.3965404,3709,0,3489,1613,0,83
1736322824.453369,0,3955,80,2405,0,0
1736322824.5148726,4095,0,3709,0,1130,245
1736322824.5772853,0,0,3927,0,839,182
1736322824.6372628,432,0,1086,0,2595,627
1736322824.7579715,400,3216,213,0,3358,1086
1736322824.8132405,4095,0,0,3,1232,370
1736322824.8730223,4095,368,3408,1515,1287,275
1736322824.9386601,4095,3316,3,0,2618,630
1736322824.9948468,3451,2342,52,0,2349,581
1736322825.0564144,4095,1584,0,2115,0,0
1736322825.1158667,4095,0,2127,0,2807,912
1736322825.174754,0,0,4095,0,2383,624
1736322825.2359555,4095,0,0,0,1571,373
1736322825.294775,4095,3271,80,0,2664,620
1736322825.3564355,4095,0,3693,0,3780,887
1736322825.415017,0,0,3927,0,3605,1283
1736322825.4692097,4095,432,2295,1331,1410,622
1736322825.530316,4095,0,3794,1392,49,15
1736322825.5881312,0,3341,2480,2110,2620,574
1736322825.6571865,3869,0,3566,0,2470,590
1736322825.7087588,2480,587,2491,0,422,98
1736322825.7687669,1245,3326,207,1584,0,0
1736322825.829841,4095,1014,0,2559,0,166
1736322825.892135,4095,0,3548,0,1583,343
1736322826.0181248,321,3286,211,1359,407,64
1736322826.0759797,4095,0,3620,1519,478,80
1736322826.1331525,4095,3401,0,0,1643,406
1736322826.195225,4095,3137,175,0,3163,914
1736322826.2570689,0,3423,224,0,2704,687
1736322826.3117957,4095,3343,0,0,3673,879
1736322826.3764548,0,3485,198,1429,2092,494
1736322826.4361374,2291,0,3615,2481,0,0
1736322826.4958863,4095,0,213,4095,0,129
1736322826.6104918,4095,3225,0,3918,0,0
1736322826.6729107,3135,233,0,656,0,0
1736322826.7317626,1854,3063,170,4095,0,0
1736322826.7934523,0,3831,4095,3600,0,0
1736322826.8584874,4095,2908,66,887,0,0
1736322826.9098954,0,3007,1792,503,96,0
1736322827.0327365,3310,2445,68,0,0,0
1736322827.0889852,70,1154,679,1486,0,0
1736322827.1571686,4095,54,0,2323,0,0
1736322827.2101216,2559,0,784,1280,0,0
1736322827.27558,0,2721,2593,0,2687,857
1736322827.3306618,4095,560,0,0,3675,911
1736322827.3962917,4095,0,0,0,3774,941
1736322827.4568007,0,3203,1693,4095,0,16
1736322827.5171916,4095,0,0,0,3630,839
1736322827.5765908,2511,2759,117,2466,0,11
1736322827.6375096,0,3213,1437,2047,0,86
1736322827.7601907,161,3207,225,2580,0,0
1736322827.8174386,0,942,3943,2446,0,0
1736322827.8721275,4095,0,0,0,3645,880
1736322827.9360473,4095,464,0,0,2513,662
1736322827.992866,2803,195,1579,0,324,208
1736322828.1193347,2945,0,1009,0,105,1
1736322828.1740756,4095,3339,0,0,176,16
1736322828.2366123,4095,2711,74,1727,177,13
1736322828.2911887,76,3312,209,0,897,197
1736322828.3580294,4095,734,0,0,2613,619
1736322828.413653,4095,0,1278,0,3235,1020
1736322828.468733,0,0,4095,0,1190,362
1736322828.537109,1265,3270,219,0,841,192
1736322828.596403,0,3447,545,0,1191,272
1736322828.6558378,4095,0,0,0,2791,666
1736322828.7136302,4095,2032,0,0,838,274
1736322828.776848,2082,0,3830,0,2289,973
1736322828.8322573,4095,0,4086,0,657,205
1736322828.8969002,2594,3489,207,0,806,176
1736322828.9537506,1056,3434,212,124,0,0
1736322829.0102983,313,3415,207,64,59,0
1736322829.0687282,4095,0,3566,0,546,162
1736322829.1335518,2918,3285,204,53,54,171
1736322829.189457,0,3664,262,170,195,30
1736322829.2578335,0,141,4095,342,128,11
1736322829.315605,0,3287,240,1095,0,0
1736322829.3692057,4095,0,4095,224,1462,309
1736322829.4293196,4095,0,3738,1680,164,64
1736322829.496128,730,107,1007,0,3486,1155
1736322829.553408,1561,473,3504,17,0,98
1736322829.6173663,4095,0,3600,0,1855,428
1736322829.673092,1309,3664,121,0,1866,443
1736322829.7339396,4095,0,732,240,157,24
1736322829.7962923,0,3437,231,0,1519,528
1736322829.8561532,4095,0,3536,337,2014,458
1736322829.9157372,4095,3509,0,836,364,78
1736322829.9734762,4095,0,3652,1535,523,95
1736322830.0912502,4095,0,1125,4095,0,0
1736322830.1540003,4095,192,0,797,2206,543
1736322830.2146795,0,3339,4087,0,2830,874
1736322830.269073,4095,0,3600,0,2385,623
1736322830.3369174,4095,3343,32,0,330,93
1736322830.3961546,0,3551,208,143,1349,304
1736322830.4566748,4095,0,2018,0,738,166
1736322830.573215,4095,313,3185,2506,0,118
1736322830.638082,1898,0,3472,3713,0,0
1736322830.6993647,169,398,3507,1388,0,0
1736322830.7521138,412,2193,1404,752,142,2
1736322830.8108454,4095,3248,52,1794,0,0
1736322830.8760846,3216,3259,210,0,3613,1001
1736322830.9943426,0,2902,4095,0,3963,976
1736322831.0563674,0,3189,2234,0,3903,971
1736322831.1166074,0,3677,175,0,3760,937
1736322831.1697838,4095,0,3653,0,3863,963
1736322831.233035,1849,0,3570,0,3536,950
1736322831.2936304,4095,0,412,0,2837,946
1736322831.357262,0,3353,214,1087,438,138
1736322831.410816,1469,0,2203,4017,0,0
1736322831.4704819,0,1898,1616,2537,0,0
1736322831.5306294,1277,0,3393,1935,0,0
1736322831.5935783,4095,2544,97,3217,0,139
1736322831.7101333,4095,0,3753,345,0,0
1736322831.7712798,0,3311,2309,1428,0,0
1736322831.8335524,0,3649,219,1227,0,0
1736322831.8911495,4095,3530,0,1192,0,0
1736322831.956608,4095,0,3583,1190,233,80
1736322832.0229623,4095,321,3563,1023,324,214
1736322832.0714066,0,3459,214,2160,3253,754
1736322832.1297514,2975,0,3717,4095,0,0
1736322832.194864,4095,3333,13,0,3865,889
1736322832.2564344,4095,0,0,0,3927,970
1736322832.313442,685,0,3366,0,3983,1099
1736322832.3731923,0,3583,256,538,0,127
1736322832.4397488,0,3621,159,224,0,0
1736322832.4943707,4095,0,1358,0,0,0
1736322832.5548568,4095,0,3809,0,46,0
1736322832.6147523,591,1040,475,0,67,0
1736322832.6759639,4095,2685,0,0,2145,539
1736322832.7342076,4095,1865,0,426,160,218
1736322832.7937095,4095,422,0,272,0,0
1736322832.862027,3539,3151,202,475,0,0
1736322832.972793,4095,3321,51,81,0,0
1736322833.030762,944,3245,212,81,0,0
1736322833.096456,0,4095,0,417,0,0
1736322833.1589196,1565,3127,191,399,0,138
1736322833.2146208,4095,0,3684,691,0,0
1736322833.2730021,4095,0,3070,703,0,0
1736322833.336204,1107,2631,97,1168,0,0
1736322833.3943336,4095,0,3823,2197,0,0
1736322833.4582474,0,1377,2277,2489,0,0
1736322833.5169413,0,3213,982,2643,0,108
1736322833.5763626,4095,2877,21,1671,0,0
1736322833.633344,3120,3248,215,2064,0,0
1736322833.69301,1853,3342,221,2162,0,0
1736322833.7542386,4095,0,3423,210,687,141
1736322833.8133836,4095,0,645,0,320,122
1736322833.8736148,231,3311,205,2434,0,94
1736322833.929899,1023,3101,185,2787,0,0
1736322834.0571291,4095,0,3477,1949,0,0
1736322834.1147435,3476,3246,234,2932,0,0
1736322834.1755338,4095,3301,37,1877,0,0
1736322834.2339098,1769,3350,222,650,0,0
1736322834.29032,4095,0,3701,701,0,107
1736322834.4144654,2918,3560,197,3395,0,0
1736322834.4745703,0,3579,231,3133,0,0
1736322834.529816,3856,0,3569,3041,0,0
1736322834.5899112,198,0,2588,0,3523,863
1736322834.656762,4095,3293,64,589,0,108
1736322834.838261,4095,1310,0,165,0,0
1736322834.8950164,3894,258,1649,1639,0,0
1736322834.9561691,0,2559,4095,0,667,179
1736322835.0170023,4095,325,811,1334,0,128
1736322835.0747912,4095,0,2820,2622,0,0
1736322835.132864,4095,190,1849,127,531,92
1736322835.136418,4095,3338,0,0,4095,1023
1736322835.2561243,0,1946,4095,2069,0,71
1736322835.3110037,4095,0,3642,0,3427,834
1736322835.3738515,4095,3263,23,0,2906,887
1736322835.4357224,4095,2797,98,0,1421,384
1736322835.492888,4095,0,3534,0,38,3
1736322835.5583186,4095,511,0,1072,0,0
1736322835.6145973,4095,1585,0,3009,0,0
1736322835.673714,2749,0,2877,4095,0,0
1736322835.7407799,1889,439,0,4095,0,108
1736322835.8555236,3183,0,2593,3246,0,0
1736322835.9160182,223,1295,0,2833,0,0
1736322835.9692304,1335,0,250,4095,0,0
1736322836.0359855,1139,495,74,0,0,0
1736322836.094614,1761,0,1524,1711,0,0
1736322836.1569903,51,1178,0,231,363,245
1736322836.2103934,737,0,219,3583,0,0
1736322836.269962,13,320,0,964,0,0
1736322836.337142,784,0,847,3504,0,0
1736322836.3963273,70,1232,0,4095,0,0
1736322836.4563544,389,0,163,3293,0,0
1736322836.5165632,0,617,9,741,258,210
1736322836.5765626,874,0,955,2148,0,0
1736322836.6366584,30,1566,0,752,0,0
1736322836.6966958,538,0,733,1157,0,0
1736322836.7569852,41,426,112,539,25,0
1736322836.8165262,0,223,170,913,0,0
1736322836.8765137,122,511,100,1487,0,111
1736322836.9364421,0,192,338,3975,0,0
1736322836.9966154,100,245,126,4095,0,0
1736322837.0560248,0,227,236,4095,0,0
1736322837.116563,87,224,106,3979,0,0
1736322837.177012,0,114,384,1393,0,0
1736322837.2365406,67,0,194,2158,0,100
1736322837.2963672,0,319,129,192,371,60
1736322837.3561163,73,0,311,267,0,0
1736322837.4772344,0,194,135,0,1144,256
1736322837.5367513,0,0,245,24,1220,271
1736322837.5960467,0,271,151,0,1693,442
1736322837.6554089,113,0,437,0,180,192
1736322837.7080934,0,528,105,0,434,81
1736322837.768672,73,0,350,0,144,9
1736322837.8268602,0,201,214,0,31,0
