timestamp,Left_Heel,Left_Middle,Left_Top
1736322813.1741595,0,564,171
1736322813.2369502,0,48,416
1736322813.2932885,0,829,126
1736322813.356572,0,173,336
1736322813.4166038,0,590,144
1736322813.5366309,0,815,109
1736322813.5909407,0,0,575
1736322813.6531413,0,942,83
1736322813.716566,0,14,429
1736322813.772897,0,1014,64
1736322813.833832,0,157,336
1736322813.8937793,0,541,160
1736322814.0134916,0,885,61
1736322814.0763595,0,160,310
1736322814.136134,0,341,229
1736322814.1927009,0,417,217
1736322814.2575374,0,270,208
1736322814.3164892,0,388,136
1736322814.3689861,0,271,271
1736322814.4316795,0,138,366
1736322814.49609,0,138,464
1736322814.6102266,0,842,0
1736322814.7367668,0,1778,101
1736322814.7964036,0,551,219
1736322814.8559494,0,1004,78
1736322814.915486,0,1787,143
1736322814.9652143,0,2288,71
1736322815.03929,0,0,374
1736322815.0964575,0,354,293
1736322815.156662,0,3201,224
1736322815.2102187,0,1415,4095
1736322815.2687554,4095,0,3493
1736322815.391493,664,2023,2021
1736322815.4573479,0,3387,187
1736322815.5780032,0,3164,1796
1736322815.636429,0,3472,205
1736322815.6952095,4095,0,3687
1736322815.7521,4095,466,3254
1736322815.8796299,0,4095,103
1736322815.933513,0,0,3773
1736322815.9943264,4095,0,3474
1736322816.1167362,4095,0,3975
1736322816.1752145,1085,0,3527
1736322816.2933793,0,1527,3386
1736322816.3546176,1274,0,3767
1736322816.4150858,1118,0,3554
1736322816.5335581,4095,0,4095
1736322816.5905583,0,3408,4095
1736322816.6620562,1411,665,2395
1736322816.7139332,1579,0,2767
1736322816.7728994,3472,550,3455
1736322816.8937845,3338,0,2187
1736322816.9566264,2695,0,998
1736322817.0140328,4095,0,3648
1736322817.134577,0,4095,146
1736322817.1888404,2966,0,3919
1736322817.2564971,4095,0,3583
1736322817.3099284,0,3701,4095
1736322817.3686342,3754,0,3845
1736322817.498999,4095,0,3620
1736322817.5568864,4095,0,1874
1736322817.6145728,0,0,4095
1736322817.6745331,1503,1349,2480
1736322817.7357647,3120,0,2531
1736322817.7919393,4095,0,4012
1736322817.85258,4095,0,3671
1736322817.9154098,4095,0,3715
1736322817.9747386,1477,495,654
1736322818.0352206,4095,0,4006
1736322818.0876412,4095,0,3611
1736322818.156274,0,4095,0
1736322818.215171,0,4007,243
1736322818.2737129,4095,0,3923
1736322818.3330479,4095,265,3616
1736322818.3910198,4095,0,3561
1736322818.4554095,0,3741,161
1736322818.5729496,4095,0,3666
1736322818.689266,4095,0,3389
1736322818.7567875,2945,0,3453
1736322818.817028,2861,0,2287
1736322818.8726997,3306,0,3503
1736322818.9332175,560,1277,819
1736322818.9939685,2054,46,1162
1736322819.0531058,3959,0,3486
1736322819.1686609,1071,0,549
1736322819.23241,686,230,1593
1736322819.3563025,0,640,347
1736322819.4156656,1662,0,2303
1736322819.4688454,863,0,1906
1736322819.5357656,315,0,480
1736322819.596181,313,20,1089
1736322819.7142832,741,192,1743
1736322819.7727323,442,1712,90
1736322819.8355002,1227,363,2608
1736322819.8957999,0,835,645
1736322819.8964288,617,0,593
1736322819.9542692,0,663,663
1736322820.0763633,0,250,615
1736322820.132926,0,144,242
1736322820.1971338,0,0,442
1736322820.2562008,0,448,463
1736322820.3134248,629,0,1347
1736322820.4360924,323,32,302
1736322820.4907525,0,1466,853
1736322820.5544662,94,1682,86
1736322820.6242647,1168,205,1705
1736322820.736198,762,1349,254
1736322820.7963758,154,128,1402
1736322820.8576229,48,1975,14
1736322820.9148955,0,261,285
1736322820.97295,0,1588,297
1736322821.0394785,0,287,426
1736322821.095012,0,3227,232
1736322821.21287,4095,0,3307
1736322821.2690234,4095,2957,1
1736322821.3335443,2057,3387,186
1736322821.3937051,307,3492,197
1736322821.4569461,0,118,3992
1736322821.5097997,4095,0,3953
1736322821.5688238,4095,3218,87
1736322821.6362498,4095,0,55
1736322821.6963801,4095,3283,0
1736322821.7550159,0,3424,1950
1736322821.8138752,2193,3258,192
1736322821.8743818,4095,0,3723
1736322821.936441,0,2436,1054
1736322821.9952855,0,0,4094
1736322822.0566163,4095,0,0
1736322822.1099057,4095,0,3726
1736322822.1711533,0,3410,4095
1736322822.2359383,3965,3280,202
1736322822.3557808,0,4095,1
1736322822.414007,0,0,4070
1736322822.4740527,0,3462,4095
1736322822.536268,2999,0,3669
1736322822.5883627,0,3817,183
1736322822.6568758,4019,0,3446
1736322822.7168407,0,3427,209
1736322822.7767243,329,3322,195
1736322822.8348374,0,2541,429
1736322822.9561427,118,0,3638
1736322823.0783594,4095,3415,143
1736322823.137755,4095,0,3727
1736322823.1954181,0,3410,218
1736322823.25613,0,3525,235
1736322823.317195,4095,3360,55
1736322823.4331038,0,3647,262
1736322823.5564191,0,3429,208
1736322823.613967,4095,0,3901
1736322823.6728685,4095,0,3723
1736322823.7358868,380,3344,197
1736322823.7894328,4095,3449,85
1736322823.8565218,0,3743,209
1736322823.9133334,0,0,4095
1736322824.0365982,4095,3390,95
1736322824.0929723,0,0,4095
1736322824.1465101,4095,3503,98
1736322824.2186337,3571,3387,211
1736322824.264742,55,3369,215
1736322824.3395455,4095,62,3696
1736322824.3965404,3709,0,3489
1736322824.453369,0,3955,80
1736322824.5148726,4095,0,3709
1736322824.5772853,0,0,3927
1736322824.6372628,432,0,1086
1736322824.7579715,400,3216,213
1736322824.8132405,4095,0,0
1736322824.8730223,4095,368,3408
1736322824.9386601,4095,3316,3
1736322824.9948468,3451,2342,52
1736322825.0564144,4095,1584,0
1736322825.1158667,4095,0,2127
1736322825.174754,0,0,4095
1736322825.2359555,4095,0,0
1736322825.294775,4095,3271,80
1736322825.3564355,4095,0,3693
1736322825.415017,0,0,3927
1736322825.4692097,4095,432,2295
1736322825.530316,4095,0,3794
1736322825.5881312,0,3341,2480
1736322825.6571865,3869,0,3566
1736322825.7087588,2480,587,2491
1736322825.7687669,1245,3326,207
1736322825.829841,4095,1014,0
1736322825.892135,4095,0,3548
1736322826.0181248,321,3286,211
1736322826.0759797,4095,0,3620
1736322826.1331525,4095,3401,0
1736322826.195225,4095,3137,175
1736322826.2570689,0,3423,224
1736322826.3117957,4095,3343,0
1736322826.3764548,0,3485,198
1736322826.4361374,2291,0,3615
1736322826.4958863,4095,0,213
1736322826.6104918,4095,3225,0
1736322826.6729107,3135,233,0
1736322826.7317626,1854,3063,170
1736322826.7934523,0,3831,4095
1736322826.8584874,4095,2908,66
1736322826.9098954,0,3007,1792
1736322827.0327365,3310,2445,68
1736322827.0889852,70,1154,679
1736322827.1571686,4095,54,0
1736322827.2101216,2559,0,784
1736322827.27558,0,2721,2593
1736322827.3306618,4095,560,0
1736322827.3962917,4095,0,0
1736322827.4568007,0,3203,1693
1736322827.5171916,4095,0,0
1736322827.5765908,2511,2759,117
1736322827.6375096,0,3213,1437
1736322827.7601907,161,3207,225
1736322827.8174386,0,942,3943
1736322827.8721275,4095,0,0
1736322827.9360473,4095,464,0
1736322827.992866,2803,195,1579
1736322828.1193347,2945,0,1009
1736322828.1740756,4095,3339,0
1736322828.2366123,4095,2711,74
1736322828.2911887,76,3312,209
1736322828.3580294,4095,734,0
1736322828.413653,4095,0,1278
1736322828.468733,0,0,4095
1736322828.537109,1265,3270,219
1736322828.596403,0,3447,545
1736322828.6558378,4095,0,0
1736322828.7136302,4095,2032,0
1736322828.776848,2082,0,3830
1736322828.8322573,4095,0,4086
1736322828.8969002,2594,3489,207
1736322828.9537506,1056,3434,212
1736322829.0102983,313,3415,207
1736322829.0687282,4095,0,3566
1736322829.1335518,2918,3285,204
1736322829.189457,0,3664,262
1736322829.2578335,0,141,4095
1736322829.315605,0,3287,240
1736322829.3692057,4095,0,4095
1736322829.4293196,4095,0,3738
1736322829.496128,730,107,1007
1736322829.553408,1561,473,3504
1736322829.6173663,4095,0,3600
1736322829.673092,1309,3664,121
1736322829.7339396,4095,0,732
1736322829.7962923,0,3437,231
1736322829.8561532,4095,0,3536
1736322829.9157372,4095,3509,0
1736322829.9734762,4095,0,3652
1736322830.0912502,4095,0,1125
1736322830.1540003,4095,192,0
1736322830.2146795,0,3339,4087
1736322830.269073,4095,0,3600
1736322830.3369174,4095,3343,32
1736322830.3961546,0,3551,208
1736322830.4566748,4095,0,2018
1736322830.573215,4095,313,3185
1736322830.638082,1898,0,3472
1736322830.6993647,169,398,3507
1736322830.7521138,412,2193,1404
1736322830.8108454,4095,3248,52
1736322830.8760846,3216,3259,210
1736322830.9943426,0,2902,4095
1736322831.0563674,0,3189,2234
1736322831.1166074,0,3677,175
1736322831.1697838,4095,0,3653
1736322831.233035,1849,0,3570
1736322831.2936304,4095,0,412
1736322831.357262,0,3353,214
1736322831.410816,1469,0,2203
1736322831.4704819,0,1898,1616
1736322831.5306294,1277,0,3393
1736322831.5935783,4095,2544,97
1736322831.7101333,4095,0,3753
1736322831.7712798,0,3311,2309
1736322831.8335524,0,3649,219
1736322831.8911495,4095,3530,0
1736322831.956608,4095,0,3583
1736322832.0229623,4095,321,3563
1736322832.0714066,0,3459,214
1736322832.1297514,2975,0,3717
1736322832.194864,4095,3333,13
1736322832.2564344,4095,0,0
1736322832.313442,685,0,3366
1736322832.3731923,0,3583,256
1736322832.4397488,0,3621,159
1736322832.4943707,4095,0,1358
1736322832.5548568,4095,0,3809
1736322832.6147523,591,1040,475
1736322832.6759639,4095,2685,0
1736322832.7342076,4095,1865,0
1736322832.7937095,4095,422,0
1736322832.862027,3539,3151,202
1736322832.972793,4095,3321,51
1736322833.030762,944,3245,212
1736322833.096456,0,4095,0
1736322833.1589196,1565,3127,191
1736322833.2146208,4095,0,3684
1736322833.2730021,4095,0,3070
1736322833.336204,1107,2631,97
1736322833.3943336,4095,0,3823
1736322833.4582474,0,1377,2277
1736322833.5169413,0,3213,982
1736322833.5763626,4095,2877,21
1736322833.633344,3120,3248,215
1736322833.69301,1853,3342,221
1736322833.7542386,4095,0,3423
1736322833.8133836,4095,0,645
1736322833.8736148,231,3311,205
1736322833.929899,1023,3101,185
1736322834.0571291,4095,0,3477
1736322834.1147435,3476,3246,234
1736322834.1755338,4095,3301,37
1736322834.2339098,1769,3350,222
1736322834.29032,4095,0,3701
1736322834.4144654,2918,3560,197
1736322834.4745703,0,3579,231
1736322834.529816,3856,0,3569
1736322834.5899112,198,0,2588
1736322834.656762,4095,3293,64
1736322834.838261,4095,1310,0
1736322834.8950164,3894,258,1649
1736322834.9561691,0,2559,4095
1736322835.0170023,4095,325,811
1736322835.0747912,4095,0,2820
1736322835.132864,4095,190,1849
1736322835.136418,4095,3338,0
1736322835.2561243,0,1946,4095
1736322835.3110037,4095,0,3642
1736322835.3738515,4095,3263,23
1736322835.4357224,4095,2797,98
1736322835.492888,4095,0,3534
1736322835.5583186,4095,511,0
1736322835.6145973,4095,1585,0
1736322835.673714,2749,0,2877
1736322835.7407799,1889,439,0
1736322835.8555236,3183,0,2593
1736322835.9160182,223,1295,0
1736322835.9692304,1335,0,250
1736322836.0359855,1139,495,74
1736322836.094614,1761,0,1524
1736322836.1569903,51,1178,0
1736322836.2103934,737,0,219
1736322836.269962,13,320,0
1736322836.337142,784,0,847
1736322836.3963273,70,1232,0
1736322836.4563544,389,0,163
1736322836.5165632,0,617,9
1736322836.5765626,874,0,955
1736322836.6366584,30,1566,0
1736322836.6966958,538,0,733
1736322836.7569852,41,426,112
1736322836.8165262,0,223,170
1736322836.8765137,122,511,100
1736322836.9364421,0,192,338
1736322836.9966154,100,245,126
1736322837.0560248,0,227,236
1736322837.116563,87,224,106
1736322837.177012,0,114,384
1736322837.2365406,67,0,194
1736322837.2963672,0,319,129
1736322837.3561163,73,0,311
1736322837.4772344,0,194,135
1736322837.5367513,0,0,245
1736322837.5960467,0,271,151
1736322837.6554089,113,0,437
1736322837.7080934,0,528,105
1736322837.768672,73,0,350
1736322837.8268602,0,201,214
